1925,NaN,NaN,NaN,NaN,NaN,NaN,NaN,NaN,NaN,NaN,NaN,NaN,NaN,NaN,NaN,NaN,NaN,NaN,NaN,NaN,NaN,NaN,NaN,NaN,NaN,NaN,NaN,NaN
1926,NaN,NaN,NaN,NaN,NaN,NaN,NaN,NaN,NaN,NaN,NaN,NaN,NaN,NaN,NaN,NaN,NaN,NaN,NaN,NaN,NaN,NaN,NaN,NaN,NaN,NaN,NaN,NaN
1927,NaN,NaN,NaN,NaN,NaN,NaN,NaN,NaN,NaN,NaN,NaN,NaN,NaN,NaN,NaN,NaN,NaN,NaN,NaN,NaN,NaN,NaN,NaN,NaN,NaN,NaN,NaN,NaN
1928,NaN,NaN,NaN,NaN,NaN,NaN,NaN,NaN,NaN,NaN,NaN,NaN,NaN,NaN,NaN,NaN,NaN,NaN,NaN,NaN,NaN,NaN,NaN,NaN,NaN,NaN,NaN,NaN
1929,NaN,NaN,NaN,NaN,NaN,NaN,NaN,NaN,NaN,NaN,NaN,NaN,NaN,NaN,NaN,NaN,NaN,NaN,NaN,NaN,NaN,NaN,NaN,NaN,NaN,NaN,NaN,NaN
1930,NaN,NaN,NaN,NaN,NaN,NaN,NaN,NaN,NaN,NaN,NaN,NaN,NaN,NaN,NaN,NaN,NaN,NaN,NaN,NaN,NaN,NaN,NaN,NaN,NaN,NaN,NaN,NaN
1931,NaN,NaN,NaN,NaN,NaN,NaN,NaN,NaN,NaN,NaN,NaN,NaN,NaN,NaN,NaN,NaN,NaN,NaN,NaN,NaN,NaN,NaN,NaN,NaN,NaN,NaN,NaN,NaN
1932,NaN,NaN,NaN,NaN,NaN,NaN,NaN,NaN,NaN,NaN,NaN,NaN,NaN,NaN,NaN,NaN,NaN,NaN,NaN,NaN,NaN,NaN,NaN,NaN,NaN,NaN,NaN,NaN
1933,NaN,NaN,NaN,NaN,NaN,NaN,NaN,NaN,NaN,NaN,NaN,NaN,NaN,NaN,NaN,NaN,NaN,NaN,NaN,NaN,NaN,NaN,NaN,NaN,NaN,NaN,NaN,NaN
1934,NaN,NaN,NaN,NaN,NaN,NaN,NaN,NaN,NaN,NaN,NaN,NaN,NaN,NaN,NaN,NaN,NaN,NaN,NaN,NaN,NaN,NaN,NaN,NaN,NaN,NaN,NaN,NaN
1935,NaN,NaN,NaN,NaN,NaN,NaN,NaN,NaN,NaN,NaN,NaN,NaN,NaN,NaN,NaN,NaN,NaN,NaN,NaN,NaN,NaN,NaN,NaN,NaN,NaN,NaN,NaN,NaN
1936,NaN,NaN,NaN,NaN,NaN,NaN,NaN,NaN,NaN,NaN,NaN,NaN,NaN,NaN,NaN,NaN,NaN,NaN,NaN,NaN,NaN,NaN,NaN,NaN,NaN,NaN,NaN,NaN
1937,NaN,NaN,NaN,NaN,NaN,NaN,NaN,NaN,NaN,NaN,NaN,NaN,NaN,NaN,NaN,NaN,NaN,NaN,NaN,NaN,NaN,NaN,NaN,NaN,NaN,NaN,NaN,NaN
1938,NaN,NaN,NaN,NaN,NaN,NaN,NaN,NaN,NaN,NaN,NaN,NaN,NaN,NaN,NaN,NaN,NaN,NaN,NaN,NaN,NaN,NaN,NaN,NaN,NaN,NaN,NaN,NaN
1939,NaN,NaN,NaN,NaN,NaN,NaN,NaN,NaN,NaN,NaN,NaN,NaN,NaN,NaN,NaN,NaN,NaN,NaN,NaN,NaN,NaN,NaN,NaN,NaN,NaN,NaN,NaN,NaN
1940,NaN,NaN,NaN,NaN,NaN,NaN,NaN,NaN,NaN,NaN,NaN,NaN,NaN,NaN,NaN,NaN,NaN,NaN,NaN,NaN,NaN,NaN,NaN,NaN,NaN,NaN,NaN,NaN
1941,NaN,NaN,NaN,NaN,NaN,NaN,NaN,NaN,NaN,NaN,NaN,NaN,NaN,NaN,NaN,NaN,NaN,NaN,NaN,NaN,NaN,NaN,NaN,NaN,NaN,NaN,NaN,NaN
1942,NaN,NaN,NaN,NaN,NaN,NaN,NaN,NaN,NaN,NaN,NaN,NaN,NaN,NaN,NaN,NaN,NaN,NaN,NaN,NaN,NaN,NaN,NaN,NaN,NaN,NaN,NaN,NaN
1943,NaN,NaN,NaN,NaN,NaN,NaN,NaN,NaN,NaN,NaN,NaN,NaN,NaN,NaN,NaN,NaN,NaN,NaN,NaN,NaN,NaN,NaN,NaN,NaN,NaN,NaN,NaN,NaN
1944,NaN,NaN,NaN,NaN,NaN,NaN,NaN,NaN,NaN,NaN,NaN,NaN,NaN,NaN,NaN,NaN,NaN,NaN,NaN,NaN,NaN,NaN,NaN,NaN,NaN,NaN,NaN,NaN
1945,NaN,NaN,NaN,NaN,NaN,NaN,NaN,NaN,NaN,NaN,NaN,NaN,NaN,NaN,NaN,NaN,NaN,NaN,NaN,NaN,NaN,NaN,NaN,NaN,NaN,NaN,NaN,NaN
1946,NaN,NaN,NaN,NaN,NaN,NaN,NaN,NaN,NaN,NaN,NaN,NaN,NaN,NaN,NaN,NaN,NaN,NaN,NaN,NaN,NaN,NaN,NaN,NaN,NaN,NaN,NaN,NaN
1947,NaN,NaN,NaN,NaN,NaN,NaN,NaN,NaN,NaN,NaN,NaN,NaN,NaN,NaN,NaN,NaN,NaN,NaN,NaN,NaN,NaN,NaN,NaN,NaN,NaN,NaN,NaN,NaN
1948,NaN,NaN,NaN,NaN,NaN,NaN,NaN,NaN,NaN,NaN,NaN,NaN,NaN,NaN,NaN,NaN,NaN,NaN,NaN,NaN,NaN,NaN,NaN,NaN,NaN,NaN,NaN,NaN
1949,NaN,NaN,NaN,NaN,NaN,NaN,NaN,NaN,NaN,NaN,NaN,NaN,NaN,NaN,NaN,NaN,NaN,NaN,NaN,NaN,NaN,NaN,NaN,NaN,NaN,NaN,NaN,NaN
1950,NaN,NaN,NaN,NaN,NaN,NaN,NaN,NaN,NaN,NaN,NaN,NaN,NaN,NaN,NaN,NaN,NaN,NaN,NaN,NaN,NaN,NaN,NaN,NaN,NaN,NaN,NaN,NaN
1951,NaN,NaN,NaN,NaN,NaN,NaN,NaN,NaN,NaN,NaN,NaN,NaN,NaN,NaN,NaN,NaN,NaN,NaN,NaN,NaN,NaN,NaN,NaN,NaN,NaN,NaN,NaN,NaN
1952,NaN,NaN,NaN,NaN,NaN,NaN,NaN,NaN,NaN,NaN,NaN,NaN,NaN,NaN,NaN,NaN,NaN,NaN,NaN,NaN,NaN,NaN,NaN,NaN,NaN,NaN,NaN,NaN
1953,NaN,NaN,NaN,NaN,NaN,NaN,NaN,NaN,NaN,NaN,NaN,NaN,NaN,NaN,NaN,NaN,NaN,NaN,NaN,NaN,NaN,NaN,NaN,NaN,NaN,NaN,NaN,NaN
1954,NaN,NaN,NaN,NaN,NaN,NaN,NaN,NaN,NaN,NaN,NaN,NaN,NaN,NaN,NaN,NaN,NaN,NaN,NaN,NaN,NaN,NaN,NaN,NaN,NaN,NaN,NaN,NaN
1955,NaN,NaN,NaN,NaN,NaN,NaN,NaN,NaN,NaN,NaN,NaN,NaN,NaN,NaN,NaN,NaN,NaN,NaN,NaN,NaN,NaN,NaN,NaN,NaN,NaN,NaN,NaN,NaN
1956,NaN,NaN,NaN,NaN,NaN,NaN,NaN,NaN,NaN,NaN,NaN,NaN,NaN,NaN,NaN,NaN,NaN,NaN,NaN,NaN,NaN,NaN,NaN,NaN,NaN,NaN,NaN,NaN
1957,NaN,NaN,NaN,NaN,NaN,NaN,NaN,NaN,NaN,NaN,NaN,NaN,NaN,NaN,NaN,NaN,NaN,NaN,NaN,NaN,NaN,NaN,NaN,NaN,NaN,NaN,NaN,NaN
1958,NaN,NaN,NaN,NaN,NaN,NaN,NaN,NaN,NaN,NaN,NaN,NaN,NaN,NaN,NaN,NaN,NaN,NaN,NaN,NaN,NaN,NaN,NaN,NaN,NaN,NaN,NaN,NaN
1959,NaN,NaN,NaN,NaN,NaN,NaN,NaN,NaN,NaN,NaN,NaN,NaN,NaN,NaN,NaN,NaN,NaN,NaN,NaN,NaN,NaN,NaN,NaN,NaN,NaN,NaN,NaN,NaN
1960,NaN,NaN,NaN,NaN,NaN,NaN,NaN,NaN,NaN,NaN,NaN,NaN,NaN,NaN,NaN,NaN,NaN,NaN,NaN,NaN,NaN,NaN,NaN,NaN,NaN,NaN,NaN,NaN
1961,NaN,NaN,NaN,NaN,NaN,NaN,NaN,NaN,NaN,NaN,NaN,NaN,NaN,NaN,NaN,NaN,NaN,NaN,NaN,NaN,NaN,NaN,NaN,NaN,NaN,NaN,NaN,NaN
1962,NaN,NaN,NaN,NaN,NaN,NaN,NaN,NaN,NaN,NaN,NaN,NaN,NaN,NaN,NaN,NaN,NaN,NaN,NaN,NaN,NaN,NaN,NaN,NaN,NaN,NaN,NaN,NaN
1963,NaN,NaN,NaN,NaN,NaN,NaN,NaN,NaN,NaN,NaN,NaN,NaN,NaN,NaN,NaN,NaN,NaN,NaN,NaN,NaN,NaN,NaN,NaN,NaN,NaN,NaN,NaN,NaN
1964,NaN,NaN,NaN,NaN,NaN,NaN,NaN,NaN,NaN,NaN,NaN,NaN,NaN,NaN,NaN,NaN,NaN,NaN,NaN,NaN,NaN,NaN,NaN,NaN,NaN,NaN,NaN,NaN
1965,NaN,NaN,NaN,NaN,NaN,NaN,NaN,NaN,NaN,NaN,NaN,NaN,NaN,NaN,NaN,NaN,NaN,NaN,NaN,NaN,NaN,NaN,NaN,NaN,NaN,NaN,NaN,NaN
1966,NaN,NaN,NaN,NaN,NaN,NaN,NaN,NaN,NaN,NaN,NaN,NaN,NaN,NaN,NaN,NaN,NaN,NaN,NaN,NaN,NaN,NaN,NaN,NaN,NaN,NaN,NaN,NaN
1967,NaN,NaN,NaN,NaN,NaN,NaN,NaN,NaN,NaN,NaN,NaN,NaN,NaN,NaN,NaN,NaN,NaN,NaN,NaN,NaN,NaN,NaN,NaN,NaN,NaN,NaN,NaN,NaN
1968,NaN,NaN,NaN,NaN,NaN,NaN,NaN,NaN,NaN,NaN,NaN,NaN,NaN,NaN,NaN,NaN,NaN,NaN,NaN,NaN,NaN,NaN,NaN,NaN,NaN,NaN,NaN,NaN
1969,NaN,NaN,NaN,NaN,NaN,NaN,NaN,NaN,NaN,NaN,NaN,NaN,NaN,NaN,NaN,NaN,NaN,NaN,NaN,NaN,NaN,NaN,NaN,NaN,NaN,NaN,NaN,NaN
1970,NaN,NaN,NaN,NaN,NaN,NaN,NaN,NaN,NaN,NaN,NaN,NaN,NaN,NaN,NaN,NaN,NaN,NaN,NaN,NaN,NaN,NaN,NaN,NaN,NaN,NaN,NaN,NaN
1971,NaN,NaN,NaN,NaN,NaN,NaN,NaN,NaN,NaN,NaN,NaN,NaN,NaN,NaN,NaN,NaN,NaN,NaN,NaN,NaN,NaN,NaN,NaN,NaN,NaN,NaN,NaN,NaN
1972,NaN,NaN,NaN,NaN,NaN,NaN,NaN,NaN,NaN,NaN,NaN,NaN,NaN,NaN,NaN,NaN,NaN,NaN,NaN,NaN,NaN,NaN,NaN,NaN,NaN,NaN,NaN,NaN
1973,NaN,NaN,NaN,NaN,NaN,NaN,NaN,NaN,NaN,NaN,NaN,NaN,NaN,NaN,NaN,NaN,NaN,NaN,NaN,NaN,NaN,NaN,NaN,NaN,NaN,NaN,NaN,NaN
1974,NaN,NaN,NaN,NaN,NaN,NaN,NaN,NaN,NaN,NaN,NaN,NaN,NaN,NaN,NaN,NaN,NaN,NaN,NaN,NaN,NaN,NaN,NaN,NaN,NaN,NaN,NaN,NaN
1975,NaN,NaN,NaN,NaN,NaN,NaN,NaN,NaN,NaN,NaN,NaN,NaN,NaN,NaN,NaN,NaN,NaN,NaN,NaN,NaN,NaN,NaN,NaN,NaN,NaN,NaN,NaN,NaN
1976,NaN,NaN,NaN,NaN,NaN,NaN,NaN,NaN,NaN,NaN,NaN,NaN,NaN,NaN,NaN,NaN,NaN,NaN,NaN,NaN,NaN,NaN,NaN,NaN,NaN,NaN,NaN,NaN
1977,NaN,NaN,NaN,NaN,NaN,NaN,NaN,NaN,NaN,NaN,NaN,NaN,NaN,NaN,NaN,NaN,NaN,NaN,NaN,NaN,NaN,NaN,NaN,NaN,NaN,NaN,NaN,NaN
1978,NaN,NaN,NaN,NaN,NaN,NaN,NaN,NaN,NaN,NaN,NaN,NaN,NaN,NaN,NaN,NaN,NaN,NaN,NaN,NaN,NaN,NaN,NaN,NaN,NaN,NaN,NaN,NaN
1979,NaN,NaN,NaN,NaN,NaN,NaN,NaN,NaN,NaN,NaN,NaN,NaN,NaN,NaN,NaN,NaN,NaN,NaN,NaN,NaN,NaN,NaN,NaN,NaN,NaN,NaN,NaN,NaN
1980,0,0,0,0,0,0,0,0,0,0,0,0,0,0,0,0,0,0,0,0,0,0,0,0,0,0,0,0
1981,0,0,0,0,0,0,0,0,0,0,0,0,0,0,0,0,0,0,0,0,0,0,0,0,0,0,0,0
1982,0,0,0,0,0,0,0,0,0,0,0,0,0,0,0,0,0,0,0,0,0,0,0,0,0,0,0,0
1983,0,0,0,0,0,0,0,0,0,0,0,0,0,0,0,0,0,0,0,0,0,0,0,0,0,0,0,0
1984,0,0,0,0,0,0,0,0,0,0,0,0,0,0,0,0,0,0,0,0,0,0,0,0,0,0,0,0
1985,0,0,0,0,0,0,0,0,0,0,0,0,0,0,0,0,0,0,0,0,0,0,0,0,0,0,0,0
1986,0,0,0,0,0,0,0,0,0,0,0,0,0,0,0,0,0,0,0,0,0,0,0,0,0,0,0,0
1987,0,0,0,0,0,0,0,0,0,0,0,0,0,0,0,0,0,0,0,0,0,0,0,0,0,0,0,0
1988,0,0,0,0,0,0,0,0,0,0,0,0,0,0,0,0,0,0,0,0,0,0,0,0,0,0,0,0
1989,0,0,0,0,0,0,0,0,0,0,0,0,0,0,0,0,0,0,0,0,0,0,0,0,0,0,0,0
1990,0,0,0,0,0,0,0,0,0,0,0,0,0,0,0,0,0,0,0,0,0,0,0,0,0,0,0,0
1991,0,0,0,0,0,0,0,0,0,0,0,0,0,0,0,0,0,0,0,0,0,0,0,0,0,0,0,0
1992,0,0,0,0,0,0,0,0,0,0,0,0,0,0,0,0,0,0,0,0,0,0,0,0,0,0,0,0
1993,0,0,0,0,0,0,0,0,0,0,0,0,0,0,0,0,0,0,0,0,0,0,0,0,0,0,0,0
1994,0,0,0,0,0,0,0,0,0,0,0,0,0,0,0,0,0,0,0,0,0,0,0,0,0,0,0,0
1995,0,0,0,0,0,0,0,0,0,0,0,0,0,0,0,0,0,0,0,0,0,0,0,0,0,0,0,0
1996,0,0,0,0,0,0,0,0,0,0,0,0,0,0,0,0,0,0,0,0,0,0,0,0,0,0,0,0
1997,0,0,0,0,0,0,0,0,0,0,0,0,0,0,0,0,0,0,0,0,0,0,0,0,0,0,0,0
1998,0,0,0,0,0,0,0,0,0,0,0,0,0,0,0,0,0,0,0,0,0,0,0,0,0,0,0,0
1999,0,0,0,0,0,0,0,0,0,0,0,0,0,0,0,0,0,0,0,0,0,0,0,0,0,0,0,0
2000,0,0,0,0,0,0,0,0,0,0,0,0,0,0,0,0,0,0,0,0,0,0,0,0,0,0,0,0
2001,0,0,0,0,0,0,0,0,0,0,0,0,0,0,0,0,0,0,0,0,0,0,0,0,0,0,0,0
2002,0,0,0,0,0,0,0,0,0,0,0,0,0,0,0,0,0,0,0,0,0,0,0,0,0,0,0,0
2003,0,0,0,0,0,0,0,0,0,0,0,0,0,0,0,0,0,0,0,0,0,0,0,0,0,0,0,0
2004,0.00239593769622385,0.00238695081358619,0.00240764058178337,0.00238917887430161,0.00240211052778562,0.00240712725685979,0.0023963958151455,0.00238915971212194,0.00239551544132039,0.00238917024367468,0.00239552725216475,0.00239187034636469,0.00239507218814056,0.00239320070007712,0.00239855610122211,0.00240079446224715,0.00239226375845959,0.00240683295274961,0.00239102366989474,0.00238695081358619,0.00240079663346683,0.00240764058178337,0.00239538470836585,0.00239552767700579,0.00239321286742224,0.0023902649451445,0.00240079362938201,0.00239407124690959
2005,0.0111330659777414,0.0110742808667369,0.0112107054752734,0.0110889050809205,0.0111729117707528,0.011206396288003,0.0111349405569682,0.0110887755608595,0.0111315635259358,0.0110888487821811,0.0111316466864076,0.0111088552663358,0.0111277029320191,0.0111123250634037,0.0111517096823646,0.0111657981130997,0.0111086426687101,0.011200501354613,0.0110999789577192,0.0110742808667369,0.0111658171161554,0.0112107054752734,0.0111278050500148,0.0111316514999126,0.0111124002992933,0.0110961181833288,0.0111657970196583,0.0111225716428674
2006,0.0282653079710218,0.0280839887054066,0.0285066817668609,0.0281297484795952,0.0283861774371553,0.0284900760002355,0.0282675131086519,0.0281293330794421,0.0282659331934593,0.0281295651954456,0.0282661922225886,0.0281973934545656,0.0282488497913687,0.0281916121449593,0.0283269318176289,0.0283699434786168,0.0281904786173036,0.0284618521415553,0.0281591137098598,0.0280839887054066,0.0283700029603964,0.0285066817668609,0.0282437123850529,0.0282662141574468,0.0281918358604951,0.0281516851433396,0.0283699492275087,0.0282379151966065
2007,0.0538133976077245,0.0534288615462961,0.0543293496981682,0.0535251779039607,0.0540675521926056,0.0542891184241077,0.0538097823226547,0.0535242820072896,0.0538274318784106,0.0535247704150291,0.0538279511964596,0.0536849363442323,0.0537781678972516,0.0536310522510377,0.0539540708998287,0.0540468812083628,0.0536593697667789,0.0542071933001216,0.0535722132664469,0.0534288615462961,0.0540469691739298,0.0543293496981682,0.0537538337768981,0.0538280135496672,0.0536315223275992,0.0535712439642507,0.0540468994770474,0.0537682954046777
2008,0.0835690082394597,0.0829336676806917,0.0844293206466747,0.0830888353320338,0.0839901281454982,0.084355495024216,0.0835451240014135,0.0830873271709569,0.0836176003532589,0.0830880948977601,0.083618328629944,0.0833843249203839,0.0835108360672711,0.0832124782761501,0.0838197469792939,0.0839824449996704,0.0833303807365879,0.0841841850009973,0.0831267424194279,0.0829336676806917,0.0839824462018369,0.0844293206466747,0.0834428818930168,0.0836184648091407,0.0832132562324301,0.0831619882156323,0.0839824590432947,0.0835186483089105
2009,0.11195096847534,0.111085758267902,0.113132159212006,0.111292988136618,0.11252679182335,0.113015607952839,0.11188599317994,0.111290957256762,0.112060753255744,0.111291881478174,0.112061445267897,0.11173976135428,0.111870466805901,0.111374723697999,0.112319283144621,0.11256353162266,0.111658702589779,0.112741269383774,0.111265047889019,0.111085758267902,0.112563221267932,0.113132159212006,0.111735037270096,0.112061682948613,0.111375790657182,0.111383160566487,0.112563492259085,0.111914704594837
2010,0.14146204580741,0.140397813933,0.142957818569328,0.140623365374051,0.142202652599895,0.142816734646067,0.141328758555601,0.140620870212017,0.141652657869288,0.140621795611019,0.141652986765263,0.141282108885769,0.14136860882623,0.140578462021758,0.141976996994507,0.142314825502391,0.141164916317475,0.142380598313608,0.14042714879122,0.140397813933,0.142313894061309,0.142957818569328,0.141110557386989,0.141653352950186,0.140579844842944,0.140723380197749,0.142314657040243,0.141486338917352
2011,0.174395717868443,0.172963694290149,0.176170066303636,0.173431014258732,0.175271248518018,0.175983365298816,0.17416512444266,0.173428285907905,0.174696891822897,0.173428900795381,0.174696207443587,0.174277475849958,0.174302991054162,0.173155522728274,0.175061892322373,0.175494300633806,0.174108803502075,0.175373882338492,0.172963694290149,0.17318062135506,0.175492354826267,0.176170066303636,0.173880811599284,0.174696711528631,0.173157245716798,0.173498718024136,0.175493905734704,0.174482910415276
2012,0.212082099815824,0.210815518525308,0.213713553768043,0.211276448696906,0.212752366030705,0.213272507206161,0.211851413439523,0.211274206102673,0.212498192428561,0.211274584432036,0.212496918668811,0.211805171235611,0.21190041894775,0.211036129741426,0.212654134079843,0.213085648334451,0.211702628110991,0.213016600114733,0.210970892549735,0.210815518525308,0.213083413845667,0.213713553768043,0.211669735162449,0.212497378823987,0.211037774846281,0.211299321725858,0.213085081089627,0.211982457488461
2013,0.249864509911028,0.248587698809825,0.251416461399975,0.249075269595063,0.25041497600763,0.250854516628288,0.249616392106313,0.249073001185311,0.250349087842053,0.24907348978776,0.25034761274783,0.249505587772897,0.249571463730018,0.248889319051493,0.250446688010313,0.250870936579602,0.249508554943383,0.250794863488631,0.248866521503097,0.248587698809825,0.250868531942175,0.251416461399975,0.249492942689682,0.250347979966325,0.248890969075712,0.249155898695514,0.250870162716099,0.24972382150071
2014,0.287674682654348,0.286394577312004,0.289235196980156,0.286897270577365,0.288148492307112,0.288539521730425,0.287359855713984,0.28689480062832,0.288222817515575,0.286895432346244,0.288221236257426,0.287336375001239,0.287248735121766,0.286679079550987,0.288298365995564,0.28871475866427,0.287351472654156,0.28855839340734,0.286685412646003,0.286394577312004,0.288712109979764,0.289235196980156,0.287323554480822,0.288221459638345,0.28668091456587,0.286991870628004,0.288713793552844,0.287541569103113
2015,0.325614088520572,0.32432895830391,0.327226842513289,0.324886672162608,0.32602723891097,0.326365396147167,0.325198538745962,0.324883905653539,0.326234311023023,0.324884582145588,0.326232536768982,0.325325902484887,0.325125940266615,0.32454938939725,0.326295303339894,0.326677020489483,0.325283520068946,0.326392347162209,0.324585291997864,0.32432895830391,0.326673968293091,0.327226842513289,0.325273807575681,0.326232588469303,0.324551583474049,0.324942583775927,0.326675848030718,0.325498135813339
2016,0.36438174700788,0.363121255866496,0.36598604744697,0.363738576271056,0.364737368828575,0.364964810514192,0.36389836437022,0.363735372147295,0.365026176797702,0.363736388896189,0.365024788362392,0.364085940799812,0.363867798262628,0.363349691036448,0.365078007857905,0.365392346799631,0.364052311504964,0.365041385668497,0.363419098271163,0.363121255866496,0.36538936586011,0.36598604744697,0.364097708254392,0.365024692257146,0.363352692227911,0.363744959761134,0.365391047524993,0.364287479609173
2017,0.387761574289279,0.386570744156733,0.38933221061918,0.387195488363784,0.388058120641956,0.388183425478463,0.387237870816535,0.387191048122762,0.388409761429752,0.387193016821356,0.388409482237367,0.387480635517501,0.387210941345605,0.38676961988146,0.38844714062339,0.388706376841471,0.387444983264243,0.388259071628408,0.386872983173574,0.386570744156733,0.388704007705788,0.38933221061918,0.38756261914213,0.388409300063096,0.38677213340363,0.387176359629605,0.388705045497218,0.387736970826957
2018,0.397020096771235,0.395927431730631,0.398555251128563,0.396526659524502,0.397243093948076,0.397304129118326,0.3964539749096,0.396521524160851,0.39766249949132,0.396524717106688,0.397663984201086,0.396770329754831,0.396461303787788,0.396028772947459,0.397717595384203,0.397930098285396,0.396672018065158,0.397342679801412,0.396171612176063,0.395927431730631,0.397928131974101,0.398555251128563,0.396897627480522,0.397663819465212,0.396032076346616,0.396503263515296,0.397928737626116,0.397071087351073
2019,0.400869079179285,0.399890648075508,0.402341262374573,0.400432425053827,0.401013713025582,0.401028967010509,0.400269418460615,0.400426728299798,0.401476133841672,0.40043073500375,0.401479724463941,0.400635105424996,0.400312833947336,0.399890648075508,0.40160728784786,0.401754173141609,0.400487137718873,0.401033657984803,0.400067990575082,0.399895632634008,0.401753286940655,0.402341262374573,0.400818377770623,0.401479654377651,0.399894777811687,0.400443980228219,0.401752835555606,0.401000491913351
2020,0.402568042946132,0.401636696185747,0.403974691502833,0.40218083773217,0.402630580387619,0.402625952530971,0.401934511526934,0.402174652612963,0.403109458118077,0.402179636634968,0.403115411189334,0.402368423369645,0.402021126247627,0.401636696185747,0.403341901262862,0.403417256479794,0.402172905692423,0.402576151220477,0.401828965293242,0.401711713223878,0.403417757206471,0.403974691502833,0.402596183232876,0.403115529129646,0.401641649883646,0.402221966137013,0.40341609554561,0.402791021306465
2021,0.403219759521314,0.402369667484318,0.40457632849301,0.402869863746357,0.403217401004706,0.403196715420233,0.402545301900689,0.4028633535342,0.403685158566758,0.402869324148361,0.403693149388777,0.40305974231007,0.402671073805177,0.402369667484318,0.40404212377148,0.404013394401753,0.40281839982765,0.403129877331504,0.402558570437742,0.402445731876403,0.404016023376952,0.40457632849301,0.403314763392963,0.403693497812833,0.402375433447513,0.402941631523582,0.404012524532106,0.40351493649772
2022,0.40350542230092,0.402775011633843,0.404822593583418,0.403205601812813,0.403436662069876,0.40338281923597,0.402775011633843,0.403198533882034,0.403875742034713,0.40320600091984,0.403885877460236,0.403381544235086,0.4029632808048,0.402776852300294,0.404382793029066,0.404204902433811,0.403096431129584,0.403319056431546,0.402962348587454,0.402804234124512,0.404209489770809,0.404822593583418,0.403692780907833,0.403886631909235,0.402783770793649,0.403295180349061,0.404204497942645,0.40388292014087
2023,0.403510744989302,0.402719424729126,0.404804979532725,0.403265989439594,0.403385094339188,0.403296337560048,0.402719424729126,0.403259048155221,0.40378368603472,0.403267299981206,0.403795682923493,0.403427487815075,0.402990800578973,0.402915798225052,0.404437682484743,0.40409363561716,0.403088665149176,0.403233853203655,0.403100279758087,0.402868784345969,0.404099977642018,0.404804979532725,0.403794493343552,0.403796983030936,0.402924009710902,0.403355118602221,0.40409375879441,0.403969753735307
2024,0.403356182469942,0.402502679762518,0.404639154305873,0.403171680137427,0.403184098059765,0.403060928131277,0.402502679762518,0.403164620174332,0.403531078751165,0.403173777744663,0.403544633996104,0.403323882198988,0.402875112323235,0.402893925734255,0.404323418229787,0.403809393882348,0.402914114808419,0.40299075632774,0.403083483422114,0.402768181851911,0.403817311909899,0.404639154305873,0.403733580856674,0.403546618929009,0.402904063816612,0.403242249724132,0.403810018454201,0.403895798216103
2025,0.403100016699182,0.402182628061148,0.404375544633219,0.402977828473061,0.402887711686608,0.402732794950246,0.402182628061148,0.402970728430231,0.403178026937976,0.402980488819457,0.403192826255767,0.403149819990549,0.402670264940681,0.402767692184693,0.404098919722422,0.403419009000989,0.402631006221882,0.402641464688759,0.402960552262478,0.40256078792996,0.403428298934275,0.404375544633219,0.403565923252599,0.403195633060049,0.402778751508544,0.4030154376009,0.403420066351149,0.403718211581911
2026,0.4027721766874,0.401789996666724,0.404042000951069,0.402712915255164,0.402525226353179,0.402341547189448,0.401789996666724,0.402705951702127,0.402757758811784,0.402715894856799,0.402773511268731,0.402926729731154,0.402403018507174,0.402562203396947,0.403787013776897,0.402957484876452,0.402270414827842,0.402214854479881,0.402759572525449,0.402280728792648,0.402967943825601,0.404042000951069,0.403321768949201,0.402777274372858,0.402574943189144,0.402708061463269,0.402958886415484,0.403468714999983
2027,0.402392225067513,0.401348831665531,0.403658019901764,0.402396375156764,0.402114952127474,0.401906223328852,0.401348831665531,0.402389748940393,0.402291399524344,0.40239947932446,0.402308169776515,0.402654460050514,0.402090499620841,0.402292966369449,0.403412085069989,0.40244741143791,0.401856231450233,0.401734674283416,0.402497782922804,0.401947220518167,0.402458636968632,0.403658019901764,0.403020100995336,0.402313078905051,0.402307128393659,0.402344111440402,0.402448854742608,0.403167183772715
2028,0.4019761566475,0.400879391955211,0.403237844658896,0.402043105220726,0.40167371213699,0.401442377626048,0.400879391955211,0.40203695915995,0.401796300139215,0.402046130774738,0.401813462872999,0.402342762117683,0.401746909368908,0.401974653163321,0.402990708320481,0.401906977830317,0.401405458428562,0.401217262619926,0.402188405574386,0.401578993935867,0.401920652031089,0.403237844658896,0.402677294161712,0.401819639796068,0.401990140707974,0.401938830696469,0.401910257889591,0.402825685000375
2029,0.401539680304812,0.400396397865691,0.402793240650754,0.401665323679676,0.401214297406995,0.40096268298333,0.400396397865691,0.401659734082969,0.401305969895593,0.40166804356259,0.401316389202868,0.401999504325056,0.401381129435771,0.40162600928456,0.402538928314653,0.401354082015554,0.400931609433085,0.400678832270653,0.401845662975068,0.401189253101022,0.401368606128771,0.402793240650754,0.402306782337106,0.401323807499692,0.401643164459265,0.401506212666707,0.40135774241658,0.402458601626285
2030,0.401096655296391,0.399910689362216,0.402334320877525,0.401274104129796,0.400746342697728,0.400479335626075,0.399910689362216,0.401269082555741,0.400846254702815,0.401276334122895,0.400854006972731,0.401640994238958,0.401009701296075,0.401253392396375,0.402064420704603,0.400801556396342,0.400445803228654,0.400130109840905,0.401479433250487,0.400788185667164,0.400816477216572,0.402334320877525,0.40191868073327,0.400862632156373,0.401272214150761,0.401059857978968,0.400805306147174,0.402077145959579
2031,0.400653146521506,0.399430874770129,0.401869804278593,0.400877567789834,0.40027462308859,0.399998049804357,0.399430874770129,0.400873271720715,0.400389599189635,0.400879255793231,0.400398933610349,0.401273764575911,0.40068849435092,0.400864457796337,0.401582855410658,0.40025706461843,0.399957287221241,0.399582284553138,0.401096681544462,0.400381827753913,0.400273058216709,0.401869804278593,0.401521425628087,0.40040872785644,0.400885419840212,0.400612797458404,0.400260845549519,0.401689690617829
2032,0.40021441954698,0.398964234767276,0.401426211747147,0.400483935542417,0.399807823156268,0.399528031977491,0.398964234767276,0.400480233524673,0.399932257382795,0.400485067086368,0.399943634547385,0.40090502772916,0.400376072245559,0.400468306722282,0.401104812406226,0.39973074983231,0.39947381913359,0.399046481172135,0.400701642552462,0.399978069363399,0.399745970973664,0.401426211747147,0.401122119104638,0.399954643547098,0.400490667120865,0.400173230987724,0.399734570414745,0.40130287563682
2033,0.399792397173041,0.398516408149261,0.401029552598171,0.400135662718264,0.399354576804146,0.399075547479884,0.398516408149261,0.400133013793995,0.399478407734711,0.40013621408793,0.399491318125099,0.400546901701077,0.400052722896408,0.400074995883728,0.400637367791047,0.399228113051763,0.399001836777058,0.398531546087541,0.400305627545522,0.399583753543758,0.399243212284469,0.401029552598171,0.400726840708773,0.399503517149987,0.400098485314356,0.399747069770762,0.399231985233758,0.400945252094559
2034,0.399387939775188,0.398042754552902,0.400649870437958,0.399810915796495,0.398926551963656,0.398646456876745,0.398093080642842,0.399809331809133,0.39903542233094,0.399810776129993,0.399049296634679,0.400199576487989,0.399719044172226,0.399690750542335,0.400184993737246,0.398755880046074,0.398546368771769,0.398042754552902,0.3999158839286,0.399204770208934,0.398771859786412,0.400649870437958,0.400340971577332,0.399062911764596,0.399715319010372,0.399335284630757,0.398759802886,0.400620619653707
2035,0.39900717162253,0.39758027305848,0.400303037088181,0.399491680172347,0.398561870216862,0.398244549578813,0.397700264840311,0.399491180403004,0.398611869909162,0.39949075889477,0.398626117997155,0.399866174963886,0.399381440227705,0.399320385272528,0.399748272411793,0.3983566786614,0.398114683086887,0.39758027305848,0.399537404810824,0.398845111128823,0.398371680755619,0.400277836842927,0.399969155246385,0.398640554430563,0.399346016287916,0.398941638388903,0.398360655888,0.400303037088181
2036,0.39864952947866,0.3971483802132,0.399988329508855,0.399177438622384,0.398226453165437,0.397874617400299,0.397352177680712,0.39917802983853,0.39821806539966,0.399175763566708,0.398232053395722,0.399552043262691,0.3990485410179,0.398967946151926,0.399333284992649,0.398002707558455,0.397713391627606,0.3971483802132,0.399174256538378,0.398507888127503,0.398017402600024,0.399912215533454,0.399615229326863,0.39824818862803,0.39899461315891,0.398572496633032,0.398006723017578,0.399988329508855
2037,0.398318245670607,0.396750896865943,0.399681290539192,0.398873704286701,0.397905869512989,0.397540117131,0.397077501687001,0.398875353212697,0.397862573545102,0.398871284630145,0.397875803438525,0.399261182376891,0.398727067610177,0.398637322637473,0.39894817662048,0.397677282005462,0.397343009831944,0.396750896865943,0.398835765017143,0.398206649057841,0.397691732245797,0.399556339160847,0.399282193216148,0.397894211405275,0.398664971499143,0.398234530676243,0.397681313555016,0.399681290539192
2038,0.39801702696728,0.396393776810583,0.399385350920138,0.398586336366171,0.397600617261902,0.397242388854941,0.396831972017911,0.398588985610513,0.39754556842655,0.398583151954054,0.39755772496579,0.398996679581934,0.398428352713297,0.398331472743492,0.398597661199236,0.397378408219964,0.397002917385916,0.396393776810583,0.398564147940935,0.397971935773685,0.397392572599497,0.399221020582125,0.398972266226983,0.397574041147423,0.398360019419012,0.397935875479358,0.397382429980575,0.399385350920138
2039,0.39774636996084,0.396080072290325,0.399113549520704,0.398321030866887,0.397315210840074,0.396992797737539,0.39660085501449,0.398324610660564,0.39726358237205,0.398317057265309,0.397274496214032,0.398757858150401,0.398151187557308,0.398052464348094,0.398283947008032,0.397108938641146,0.396691667150356,0.396080072290325,0.398320340564238,0.397763171020075,0.397122736509621,0.39890790590187,0.398691968644245,0.397293373299376,0.398081809778145,0.397715694884748,0.397112922781373,0.399113549520704
2040,0.397506420795643,0.395810327727016,0.398867128791656,0.398083465287148,0.397055470418483,0.39681716066135,0.39638671514707,0.398087898124238,0.397017770972758,0.398078686354052,0.397027375006837,0.398547219927239,0.397902520343823,0.397801932459691,0.39800799728817,0.396869607588383,0.396409503045597,0.395810327727016,0.398087209777527,0.397566171828909,0.396883267618761,0.39862222447472,0.398446844627151,0.397043611200664,0.397831972194279,0.397534916605765,0.396873522419801,0.398867128791656
2041,0.397296092355272,0.395584053691322,0.398648082046874,0.397874250973842,0.396824479321196,0.396677597520411,0.396194350387336,0.397879447444223,0.39680625391126,0.397869917409589,0.396814545642556,0.398363653000006,0.397685356977088,0.397581109947984,0.397769851533806,0.396661431350177,0.396156872540027,0.395584053691322,0.397866838639468,0.397382591222692,0.39667498917385,0.398368462532524,0.398238270167806,0.396831026183949,0.397611739276653,0.397371828628203,0.39666530935897,0.398648082046874
2042,0.397118340274076,0.395400195955305,0.398452299495533,0.39770628950079,0.396625180917591,0.396561154079398,0.396026899172373,0.397712093878399,0.396630265834738,0.397699450957261,0.396637281888159,0.398208632440665,0.397501256536201,0.397390760956106,0.397569168392674,0.396488538127863,0.395934606273575,0.395400195955305,0.397664340566714,0.397216203341018,0.396501537484755,0.398148668160706,0.398088084889777,0.396655501061781,0.39742187762053,0.397226063968778,0.396492155351217,0.398452299495533
2043,0.396972730742427,0.395257281600144,0.39828088445416,0.397577020863337,0.396458878634576,0.396467362630937,0.395887884753392,0.397583365476604,0.396491371243605,0.397569282345916,0.396497167302994,0.398082708054807,0.397350648004565,0.397231128017471,0.397405314047381,0.396351006203137,0.395744243081312,0.395257281600144,0.397484901993884,0.397070726845937,0.396363435780161,0.397964177065063,0.397966750757937,0.396514396426127,0.39726263358803,0.397101193441099,0.396354505948095,0.39828088445416
2044,0.396859200801026,0.395153463910446,0.398135251882306,0.39748328448845,0.396326016045229,0.396400104123795,0.395781640315664,0.397489992549864,0.396386536688196,0.397474960756087,0.396391180237507,0.397985676345054,0.397231942682172,0.397101910997834,0.397277293079744,0.396248386605068,0.395601351170141,0.395153463910446,0.397332241937755,0.396950644179984,0.396259890405011,0.397816531760067,0.397856828232867,0.396407737126569,0.397133711567957,0.397000413463475,0.39625302947441,0.398135251882306
2045,0.396777620787946,0.395086457268503,0.398015617615639,0.397420755454935,0.39622816561937,0.396361069492794,0.395703316860463,0.397427714849512,0.396315573307631,0.397411879233346,0.396319579012628,0.397927865167428,0.39714521269766,0.397002275980412,0.397183691487021,0.396182534921799,0.39549943193935,0.395086457268503,0.39721155266214,0.396863723602219,0.396192844512915,0.397702105804657,0.397758707809407,0.396333464485109,0.397034282551849,0.396925768447488,0.396186928914373,0.398015617615639
2046,0.396726703753388,0.395053539181327,0.397925712548475,0.397385957274992,0.396163901919103,0.396350627245842,0.395655182010724,0.397393078981668,0.396273915841554,0.397376538592536,0.396277349202655,0.397925712548475,0.397089851593658,0.396930889148868,0.397122665804437,0.396151587217297,0.395418967505057,0.395053539181327,0.397126862404741,0.3968063380071,0.396160688409092,0.397621597751349,0.39767343601439,0.396293112929427,0.396963017889899,0.396877960606063,0.396155393953044,0.397919421801398
2047,0.396703602682415,0.39505160822504,0.39795090809459,0.397374947917658,0.396136671417761,0.396368029408199,0.395637024492624,0.397382152832829,0.396264292920511,0.397365013745895,0.396266470991564,0.39795090809459,0.397064205678771,0.396885817663296,0.397091972703942,0.396149441365397,0.395357014710074,0.39505160822504,0.39707548829846,0.396776344054734,0.39615736079299,0.39757466485067,0.397603689202598,0.396282332057961,0.396917985240375,0.396856561286602,0.396152564992841,0.397847504114999
2048,0.39670631052564,0.395077239805878,0.397989936413628,0.397388140185266,0.396144868190616,0.396411568429645,0.395645953103246,0.397395360514892,0.396283906446179,0.397377732352454,0.396284944835445,0.397989936413628,0.397066440009623,0.396869941300293,0.397089026010432,0.396175751866182,0.395310771843924,0.395077239805878,0.397052266567307,0.396766005312217,0.396182531257135,0.397556235157106,0.397550154230852,0.396298176577988,0.396901962224532,0.396860226981779,0.396178230085686,0.397800393438707
2049,0.396731244368033,0.395126817998367,0.398039523501171,0.397420015658644,0.396180432555976,0.396478787529641,0.395674860873057,0.397427185743701,0.396324017290482,0.397409183806819,0.396324086857527,0.398039523501171,0.397094431307202,0.396882231393972,0.397110969467213,0.396225200034631,0.395281889229805,0.395126817998367,0.397055041554431,0.396776211481801,0.39623093482216,0.397564504385165,0.397513869443309,0.396338309833005,0.396913903980349,0.396886923673863,0.396227139827566,0.39777463695098
2050,0.396775944669135,0.395196659413264,0.398098117355333,0.397469531876325,0.396236905848019,0.396566797257268,0.395726270891669,0.39747658961061,0.396385994903839,0.397458327529054,0.396385259532612,0.398098117355333,0.397147940659755,0.396915793355862,0.397154756503831,0.396294607182521,0.395270198030366,0.395196659413264,0.397080419274476,0.396801775723381,0.396299381829946,0.397595513637271,0.397494066236466,0.396397936150282,0.396947081691803,0.396935192137792,0.396296100465868,0.397767399630766
2051,0.396836884439827,0.395274657667596,0.398167542810297,0.397533630127874,0.396308869807836,0.396672328131975,0.395794627854811,0.397540515985037,0.396464167371564,0.397522106604878,0.396462753846168,0.398167542810297,0.397218187022063,0.396964923642433,0.397217230793621,0.396379502820549,0.395274657667596,0.395283080901673,0.397127338906511,0.39683971372539,0.396383380194857,0.397648147328545,0.397488553987035,0.396474690624943,0.396995707223402,0.397000880319888,0.396380609915652,0.397778963381085
2052,0.396911974674406,0.395293129755953,0.398247612170566,0.397612427873784,0.396392962239288,0.396791818178991,0.395877310417339,0.397619087782906,0.396556715681416,0.397600635026694,0.396554715343929,0.398247612170566,0.397307662433089,0.397025516770137,0.397294774420419,0.396476970380898,0.395293129755953,0.395382441077394,0.397188222117648,0.396890600354392,0.396479997505448,0.397716682718408,0.397495770022516,0.396566118768791,0.397055762867455,0.397089159119858,0.39647772719642,0.397805546636418
2053,0.396998215680444,0.395323686746816,0.398337109321464,0.397701494474132,0.396485953142752,0.39692161435896,0.395972180692948,0.397707877241835,0.396660133951258,0.39768948324556,0.39665761874143,0.398337109321464,0.397409394073093,0.397094012265746,0.397389944581498,0.396583115997374,0.395323686746816,0.395491246921455,0.397265732259932,0.396950604992158,0.396585332587724,0.397798875420332,0.397515023844107,0.396668603220526,0.397123744806069,0.397191834947359,0.396583543594694,0.39784723058188
2054,0.397092678150163,0.395364617843224,0.398435266120885,0.397798142970129,0.396585183415905,0.397062700414024,0.396073618385852,0.397804202169161,0.396771910907636,0.397785966074892,0.396768942367982,0.398435266120885,0.397521242167527,0.397167680147494,0.397501647170951,0.396695461605237,0.395364617843224,0.395606228869527,0.397351577970606,0.3970171488357,0.3966969040604,0.397893051963294,0.397541321813533,0.396779258694447,0.397196925608362,0.397302885761037,0.396695573483485,0.397899494932775
2055,0.39719273378773,0.395412454709393,0.398539673516604,0.397901267691359,0.396688408284323,0.397211881963925,0.396179441279275,0.397906962797075,0.396888304045631,0.397888975471488,0.39688494113708,0.398539673516604,0.397640366283357,0.397244348224107,0.397622851627014,0.396811202913063,0.395412454709393,0.395724392493567,0.397447389610399,0.397090131227157,0.396811904586157,0.397992624121544,0.397573868446731,0.396895168982038,0.397273124793639,0.397418022840164,0.396811008037713,0.397959629610454
2056,0.397295722170957,0.395466419116516,0.398649138165026,0.398006274445743,0.396792858373705,0.3973634820153,0.396289651678944,0.398011569090359,0.397007552846986,0.397993916971404,0.397003855155283,0.398649138165026,0.397762949845775,0.397322173039994,0.397747439182572,0.396927757159572,0.395466419116516,0.395843053524886,0.397548402014048,0.397166342624906,0.396927747136503,0.398098983128992,0.397610661619482,0.397013492000116,0.397350489177256,0.397535673565591,0.396927261558619,0.398025910836354
2057,0.39739893427812,0.395523451522603,0.398760784648649,0.398111242017198,0.3968974744286,0.397512521759314,0.396398116949537,0.398116106119222,0.397127216540261,0.398098868312316,0.397123244168231,0.398760784648649,0.397889622139988,0.397399511980926,0.397871367685424,0.397042823840411,0.395523451522603,0.395959859382597,0.397652344095606,0.397243114828623,0.397042138010762,0.398206867875151,0.397650418640505,0.397131870470116,0.397427367960463,0.397649758945613,0.397042036497885,0.398095228132996
2058,0.397500600319514,0.395581963620589,0.398872854596494,0.398214604644405,0.397000753559285,0.397655710203415,0.396506378661809,0.398219014046209,0.397244528341975,0.398202258992799,0.397240338863987,0.398872854596494,0.398012003349972,0.397474341081652,0.397990802996008,0.397154398452184,0.395581963620589,0.396072799181624,0.397756817922255,0.397321342875492,0.397153073561458,0.398313471655605,0.397692042828931,0.397248583037338,0.397501725469261,0.397763151115938,0.397153328809341,0.398168720119822
2059,0.397598961102359,0.395640052967463,0.398983246294899,0.39831624030245,0.397101979302134,0.397790957121708,0.396609624140022,0.398320177032447,0.397357373209653,0.398303887095923,0.397353020948624,0.398983246294899,0.398133768518331,0.397546107891939,0.398104280640328,0.39726078155877,0.395640052967463,0.396180203836862,0.397860070962799,0.397397570525836,0.39725885323912,0.398420538047867,0.3977303242275,0.397360892824416,0.397573008154672,0.39786986855292,0.397259438906864,0.398241761255421
2060,0.397692053242,0.395696449665551,0.399089398878386,0.398412301959098,0.39719544892145,0.397916410231298,0.396705773150237,0.398415751604879,0.397465149992357,0.398400027525792,0.397460686436148,0.399089398878386,0.39824963625583,0.397613670849677,0.39821007889938,0.39736056769519,0.395696449665551,0.396280737779688,0.39796048038062,0.397469102508331,0.397358070390169,0.39852166256622,0.397767354875001,0.397467643969921,0.397640076794103,0.397971989003968,0.397358961282202,0.39831389943451
