1925,1515081.37364648,1515081.37364648,1515081.37364648,1515081.37364648,1515081.37364648,1515081.37364648,1515081.37364648,1515081.37364648,1515081.37364648,1515081.37364648,1515081.37364648,1515081.37364648,1515081.37364648,1515081.37364648,1515081.37364648,1515081.37364648,1515081.37364648,1515081.37364648,1515081.37364648,1515081.37364648,1515081.37364648,1515081.37364648,1515081.37364648,1515081.37364648,1515081.37364648,1515081.37364648,1515081.37364648,1515081.37364648
1926,1544484.46077572,1544484.4581597,1544484.46298501,1544484.46110553,1544484.46173423,1544484.46252394,1544484.46171553,1544484.46082766,1544484.46197387,1544484.46247079,1544484.46101694,1544484.45878533,1544484.45971752,1544484.4581597,1544484.45980847,1544484.46241534,1544484.45907783,1544484.46238648,1544484.46087955,1544484.45880021,1544484.45956133,1544484.46164885,1544484.46298501,1544484.45914804,1544484.46083081,1544484.45942071,1544484.4618148,1544484.46058453
1927,1575481.31329015,1575481.26049617,1575481.36084353,1575481.31875854,1575481.33502502,1575481.3490647,1575481.33569783,1575481.31627589,1575481.34145578,1575481.35232557,1575481.32064839,1575481.26487462,1575481.28930058,1575481.26049617,1575481.28409141,1575481.34912494,1575481.27778091,1575481.35039301,1575481.31153014,1575481.27858069,1575481.28254696,1575481.32964985,1575481.36084353,1575481.28295131,1575481.31479333,1575481.28578849,1575481.33632576,1575481.30393032
1928,1607916.48132567,1607916.2047111,1607916.72957322,1607916.50429002,1607916.60447683,1607916.65539671,1607916.60635597,1607916.5128537,1607916.6474363,1607916.70480139,1607916.53509815,1607916.2047111,1607916.35450852,1607916.21526068,1607916.26993042,1607916.67425935,1607916.30253478,1607916.68911388,1607916.44699492,1607916.33613314,1607916.30103067,1607916.55617764,1607916.72957322,1607916.34969209,1607916.48620731,1607916.33706014,1607916.61018037,1607916.39906457
1929,1641427.83144509,1641426.95860157,1641428.56665228,1641427.88715546,1641428.23263815,1641428.29922679,1641428.21829267,1641427.9891472,1641428.39643531,1641428.56665228,1641428.04885734,1641426.95860157,1641427.46540655,1641427.05724668,1641426.99677272,1641428.42426123,1641427.32360847,1641428.4901861,1641427.64056656,1641427.50315744,1641427.25170364,1641428.02252153,1641428.56385615,1641427.52930224,1641427.8237683,1641427.37797805,1641428.25312495,1641427.4656599
1930,1675602.74822419,1675600.40563516,1675604.54830784,1675602.84624948,1675603.71970249,1675603.64673506,1675603.61997072,1675603.27045706,1675604.17843203,1675604.54830784,1675603.37925021,1675600.75689835,1675601.99769566,1675601.06261986,1675600.40563516,1675604.09482771,1675601.68539927,1675604.28524509,1675602.09990293,1675602.25136598,1675601.4056227,1675603.09410965,1675604.33779557,1675602.3016302,1675602.65057142,1675601.65288628,1675603.79056951,1675601.62372447
1931,1710061.01524183,1710055.73015751,1710064.68735391,1710061.148325,1710062.97234711,1710062.38669641,1710062.63018027,1710062.35186187,1710064.02563765,1710064.68735391,1710062.49491987,1710057.31312095,1710059.79521245,1710057.9394989,1710055.73015751,1710063.54681124,1710059.16923771,1710063.97635253,1710059.34808828,1710060.52457639,1710058.48558149,1710061.49500741,1710063.86638219,1710060.64221941,1710060.62566969,1710058.76482551,1710063.18363375,1710058.27734825
1932,1744493.09241781,1744482.83468115,1744499.71283897,1744493.22411746,1744496.57320061,1744494.82599361,1744495.71416742,1744495.96566108,1744498.67578834,1744499.71283897,1744496.08311361,1744487.11908639,1744491.44727067,1744488.10177515,1744482.83468115,1744497.27113572,1744490.25651545,1744498.09485075,1744489.5104329,1744492.99389157,1744488.95548125,1744493.58705661,1744497.58695153,1744493.28512306,1744492.0139247,1744488.957527,1744497.10176755,1744487.41809279
1933,1778672.18544644,1778654.33407091,1778683.10433837,1778672.23895429,1778677.84588749,1778673.98494489,1778676.05803073,1778677.63543666,1778681.62723225,1778683.10433837,1778677.60626942,1778663.50937604,1778670.34633255,1778664.73150733,1778654.33407091,1778678.45620738,1778668.18122659,1778679.86337662,1778665.39592745,1778673.10402686,1778666.08550274,1778672.44512016,1778678.64321504,1778673.77121732,1778669.75853274,1778665.19319635,1778678.9835845,1778661.73264622
1934,1812451.73567154,1812423.1175744,1812468.57336879,1812451.58562378,1812460.34294384,1812453.11078917,1812457.06523052,1812461.14946283,1812466.61567061,1812468.57336879,1812460.7792751,1812440.13487892,1812450.16175001,1812441.26177994,1812423.1175744,1812460.48317911,1812446.40624019,1812462.68880258,1812439.9985076,1812454.54340382,1812443.42993285,1812451.35395464,1812460.39192599,1812455.91666068,1812446.98033241,1812440.65142675,1812462.51633328,1812434.13274061
1935,1845755.55034052,1845712.49814411,1845780.18683515,1845755.01809932,1845767.97563418,1845755.82532591,1845762.49301927,1845770.67580171,1845777.73344344,1845780.18683515,1845769.68877224,1845741.07298516,1845754.95378014,1845741.50099219,1845712.49814411,1845767.06578583,1845748.74501816,1845770.30403617,1845736.63704686,1845761.35900071,1845744.94318438,1845753.94507512,1845766.54788885,1845763.9241997,1845747.12022674,1845738.86775705,1845771.75589139,1845727.92056911
1936,1878564.94286103,1878503.36073186,1878599.50201448,1878563.79475846,1878582.1545699,1878563.27593945,1878573.59772324,1878587.8898038,1878596.56137605,1878599.50201448,1878585.92458273,1878547.94836608,1878566.299592,1878546.76835631,1878503.36073186,1878579.40167358,1878556.49832285,1878583.92459909,1878536.10375324,1878575.08542833,1878552.1065935,1878561.34261601,1878578.33529516,1878579.50791688,1878551.0920795,1878540.88113456,1878588.25811013,1878523.95618865
1937,1910905.42739993,1910820.85781579,1910952.25729631,1910903.37503952,1910928.48498692,1910900.83552622,1910915.83324311,1910938.65864806,1910948.85749939,1910952.25729631,1910935.26755676,1910886.6107035,1910909.97637726,1910882.58484677,1910820.85781579,1910922.87766723,1910895.14941525,1910928.96027141,1910863.36580117,1910921.43197921,1910890.61156114,1910898.86250519,1910921.18953578,1910928.57581889,1910883.98921266,1910871.9347393,1910937.7663475,1910847.37060383
1938,1942834.35821401,1942722.04561738,1942896.00891081,1942831.05996274,1942864.40687084,1942825.74328812,1942846.49345138,1942880.67314574,1942892.19274071,1942896.00891081,1942875.32398453,1942814.76038108,1942843.59198571,1942806.3098554,1942722.04561738,1942854.71824452,1942822.00700294,1942862.66910779,1942775.2111645,1942857.91734624,1942817.98968257,1942823.65556539,1942852.40039871,1942868.86026337,1942802.73433564,1942789.12078374,1942877.84557147,1942755.21568905
1939,1974430.18743133,1974285.13684952,1974509.38717356,1974425.25046501,1974468.45354338,1974416.36154306,1974443.97251343,1974492.70014254,1974505.20688702,1974509.38717356,1974484.77998305,1974411.19573681,1974445.83648031,1974396.39713374,1974285.13684952,1974453.25045301,1974415.4684708,1974463.42592449,1974349.51283607,1974463.12506215,1974412.86338953,1974413.96853283,1974450.37113026,1974479.16937486,1974385.34644426,1974370.64317163,1974487.13648094,1974325.72606102
1940,2005783.58123255,2005600.61127318,2005883.21200846,2005776.56374925,2005831.36852138,2005763.28961558,2005798.88329251,2005865.69504164,2005878.72434037,2005883.21200846,2005854.51549575,2005766.92139102,2005807.59412831,2005743.50985082,2005600.61127318,2005809.02517896,2005766.14226493,2005821.84486693,2005676.35166527,2005827.81902476,2005766.05671371,2005760.26315102,2005805.73408318,2005850.49882416,2005722.06468858,2005706.93802698,2005856.46925296,2005649.43436394
1941,2036990.38210787,2036764.17249276,2037113.45524794,2036980.79551295,2037049.06818519,2036962.32325948,2037007.02161298,2037095.76173151,2037108.7169463,2037113.45524794,2037080.56528917,2036978.10479423,2037024.90307957,2036943.48233334,2036764.17249276,2037017.78264555,2036969.81624429,2037033.74420969,2036850.98560993,2037047.90630652,2036973.55350416,2036958.18111843,2037014.31131491,2037078.99114188,2036908.31705516,2036893.63976583,2037081.8242769,2036822.12901798
1942,2068146.26768584,2067871.40187012,2068295.9000426,2068133.57867358,2068217.30070069,2068109.11060099,2068164.02689709,2068278.81007938,2068290.96405221,2068295.9000426,2068258.77719034,2068140.73097203,2068193.6128512,2068091.97888019,2067871.40187012,2068175.11294465,2068122.12186853,2068194.80473316,2067968.51590479,2068219.09736955,2068131.15330265,2068103.20541849,2068171.77118191,2068260.59265506,2068039.3845692,2068026.24318294,2068258.99011546,2067939.50608926
1943,2099342.89123968,2099013.8948069,2099522.282339,2099326.5237756,2099427.78633362,2099295.28998926,2099361.52425025,2099506.69582263,2099517.19462351,2099522.282339,2099480.95246458,2099346.74012328,2099405.52440479,2099280.634658,2099013.8948069,2099372.5970421,2099314.67890934,2099396.7076936,2099120.03517746,2099433.04850435,2099330.60975729,2099286.80314473,2099369.766434,2099487.19284025,2099206.54632687,2099196.24663475,2099479.70360523,2099093.30133051
1944,2130665.26729782,2130276.64282014,2130877.67772608,2130644.60455602,2130765.6026584,2130605.87331453,2130684.51136402,2130864.60607231,2130872.47463151,2130877.67772608,2130832.23160448,2130681.41114239,2130745.77598375,2130594.44201325,2130276.64282014,2130695.19200691,2130632.48388552,2130724.51662481,2130390.02080936,2130774.74970471,2130657.01483854,2130593.81325043,2130693.31750044,2130844.00929634,2130494.46896109,2130488.53972761,2130829.03539242,2130368.66656034
1945,2162190.16975503,2161736.42872016,2162438.90094155,2162164.55609056,2162307.58214034,2162117.64222544,2162209.75756895,2162429.45766835,2162433.60695829,2162438.90094155,2162389.49281301,2162221.75820113,2162291.24190363,2162110.14951182,2161736.42872016,2162219.62815023,2162152.30958237,2162255.07101496,2161854.74076972,2162320.9252188,2162187.19614335,2162100.84661941,2162219.2085218,2162407.98558309,2161979.60807325,2161979.80289788,2162383.78822135,2161842.55833641
1946,2193985.32798488,2193461.02026238,2194273.7034555,2193954.07102851,2194121.50766967,2193898.34272391,2194005.00048517,2194269.09377743,2194268.32922271,2194273.7034555,2194220.54860577,2194035.72571311,2194109.72964101,2193895.45912754,2193461.02026238,2194013.60381775,2193941.90127386,2194056.17783691,2193581.45722991,2194139.23216766,2193988.91271345,2193875.48395419,2194015.18170758,2194246.98733393,2193729.40722582,2193737.7043817,2194211.69343822,2193582.92482843
1947,2226109.23145263,2225508.97263176,2226442.08916114,2226071.6044082,2226265.91661324,2226006.48858288,2226128.7507372,2226442.08916114,2226435.11997538,2226440.57956702,2226383.95098369,2226181.99207,2226259.78560482,2226008.8320074,2225508.97263176,2226135.58852442,2226059.78035979,2226186.41176026,2225628.23825254,2226288.06765795,2226120.65981383,2225976.08197099,2226139.74054449,2226419.60709277,2225802.10504877,2225820.70507924,2226371.21619817,2225648.50166984
1948,2258611.38074857,2257929.87755564,2258998.00199315,2258566.62495909,2258790.3513425,2258491.611441,2258630.54264734,2258998.00199315,2258983.45116656,2258989.0188906,2258929.24307248,2258710.22001041,2258790.9474275,2258499.74067026,2257929.87755564,2258635.07248923,2258555.49359436,2258695.36217473,2258044.21527177,2258816.82226613,2258631.92055041,2258452.02580851,2258642.39976732,2258975.41577487,2258246.98840104,2258278.30924859,2258911.80730054,2258089.05489023
1949,2291532.85012684,2290764.92401718,2291977.93729144,2291480.17795792,2291735.92133773,2291394.82259386,2291551.49601412,2291977.93729144,2291954.35198299,2291960.07029097,2291897.52230642,2291661.61868413,2291744.30780413,2291409.2326707,2290764.92401718,2291553.12775036,2291470.17325381,2291624.19223024,2290870.15126173,2291766.44495749,2291563.72937518,2291344.29272097,2291564.24715062,2291955.52583676,2291104.95666743,2291151.62614232,2291874.46674965,2290945.93612281
1950,2324907.05201629,2324047.66092917,2325415.31242794,2324845.65008736,2325136.06734566,2324749.57689035,2324925.07948693,2325415.31242794,2325381.17454869,2325387.1077219,2325322.20562918,2325069.70787906,2325153.28030974,2324770.69614998,2324047.66092917,2324923.17138769,2324837.29895384,2325006.40041455,2324139.20989532,2325170.20990122,2324949.43790855,2324686.217506,2324938.70755093,2325393.35663107,2324409.28763504,2324474.13308855,2325292.50952008,2324252.84060857
1951,2358959.78025594,2358003.94170392,2359535.96207157,2358888.80250359,2359216.62724595,2358781.69334707,2358977.15298547,2359535.96207157,2359489.69324555,2359495.93250587,2359429.12278471,2359160.38075131,2359243.67752693,2358809.89124502,2358003.94170392,2358971.00586804,2358882.72472049,2359067.86684862,2358076.93653844,2359253.79164401,2359014.76563579,2358703.50895951,2358991.57665562,2359514.73703386,2358385.62264637,2358471.67333009,2359391.65668405,2358235.76191654
1952,2393862.69218674,2392805.4925852,2394511.57090066,2393781.26273547,2394149.29897922,2393662.8568268,2393879.44586274,2394511.57090066,2394451.53846525,2394458.20543877,2394389.95777359,2394105.37590088,2394187.16716118,2393698.44516693,2392805.4925852,2393868.29948681,2393778.16967339,2393980.32804507,2392854.78828589,2394188.7225812,2393931.28146872,2393567.7535201,2393894.5120363,2394491.34139913,2393205.49403623,2393315.97152823,2394343.47786343,2393066.54694731
1953,2429651.91365564,2428488.5737022,2430378.24184287,2429559.13641488,2429970.23139595,2429429.23611501,2429668.160597,2430378.24184287,2430302.76925987,2430310.0172953,2430240.823895,2429940.86892033,2430019.85662604,2429472.46477409,2428488.5737022,2429651.19277153,2429559.82955383,2429779.97842344,2428508.78165086,2430010.98150825,2429735.00626924,2429315.0380338,2429683.64435752,2430359.25909065,2428904.96796507,2429043.263498,2430183.9696302,2428781.54779995
1954,2466371.87703617,2465083.29430005,2467180.37000218,2466266.83938945,2466723.87546582,2466125.30846968,2466387.81007155,2467180.37000218,2467087.74481643,2467095.76150516,2467026.13089437,2466711.32060919,2466786.15099833,2466176.3669607,2465097.75741784,2466364.13571411,2466272.20527877,2466511.31127685,2465083.29430005,2466764.85088293,2466470.25559007,2465989.77249259,2466403.41033427,2467162.86706786,2465528.44931583,2465698.10673797,2466957.42267663,2465425.40763554
1955,2504076.02438752,2502631.76604844,2504971.3475594,2503957.80104737,2504463.68767558,2503804.56221214,2504091.91903985,2504971.3475594,2504859.82893218,2504868.83842085,2504799.2893442,2504470.1812616,2504539.45742167,2503863.58188393,2502686.62885063,2504060.59047742,2503968.8043732,2504227.82162022,2502631.76604844,2504503.62184365,2504190.34507866,2503645.39264401,2504107.25624048,2504955.53517863,2503129.38345021,2503334.08043502,2504717.12725906,2503051.7613896
1956,2542826.04575844,2541215.93448304,2543812.80367133,2542693.70275122,2543251.36852279,2542528.73451064,2542842.26079388,2543812.80367133,2543680.62946418,2543690.89449752,2543621.95005278,2543279.13019308,2543341.42451164,2542595.79126909,2541317.02189997,2542802.26933406,2542711.37789537,2542991.24443017,2541215.93448304,2543288.83418332,2542956.83101627,2542343.59760128,2542856.87654878,2543798.86651887,2541769.49292003,2542013.02072208,2543524.61371938,2541722.47245028
1957,2582690.54337269,2580904.49579364,2583773.27021771,2582543.14210402,2583155.52690235,2582366.47506021,2582707.51982559,2583773.27021771,2583618.66361606,2583630.48723847,2583562.6693344,2583206.74128239,2583260.60755815,2582441.59248665,2581057.68131622,2582657.79856312,2582568.5835766,2582870.21898606,2580904.49579364,2583188.94207934,2582838.17670866,2582153.01317018,2582720.87844883,2583761.36369302,2581517.43976344,2581803.68187979,2583448.31888362,2581506.29582879
1958,2623743.61530212,2621771.68436713,2624926.76706812,2623580.21664367,2624250.26402643,2623391.92924585,2623761.87412638,2624926.76706812,2624747.94274113,2624761.66958647,2624695.49380306,2624327.06815476,2624371.05317334,2623475.08199142,2621982.8443149,2623701.3018941,2623614.56875824,2623938.87288504,2621771.68436713,2624277.89922374,2623908.33831023,2623147.7744933,2623773.36585103,2624917.01463097,2622447.40694138,2622780.31707921,2624562.17196845,2622477.46127453
1959,2666063.61107388,2663896.02361606,2667351.55935035,2665883.27940514,2666613.9293435,2665683.49322706,2666083.74959785,2667351.55935035,2667146.72914646,2667162.74625213,2667098.71716516,2666718.40145858,2666751.05586173,2665774.61056986,2664170.99413037,2666011.15592604,2665927.72554252,2666275.57814137,2663896.02361606,2666633.91581913,2666245.52250411,2665406.28046168,2666092.69531673,2667344.05042817,2664637.85134943,2665021.43112483,2666944.35244252,2664714.42866623
1960,2709732.16866862,2707359.35756807,2711129.19619132,2709533.97580259,2710328.15792145,2709322.85039784,2709754.85604741,2711129.19619132,2710896.57436978,2710915.31146153,2710853.91847921,2710462.30768931,2710482.19599104,2709421.81986283,2707703.89494869,2709669.026961,2709589.72757935,2709961.98879145,2707359.35756807,2710338.49690328,2709931.22547088,2709010.22936231,2709760.513363,2711123.98466568,2708170.53787693,2708608.81467851,2710676.32928429,2708298.92504764
1961,2754833.48904984,2752246.11950868,2756343.787046,2754616.51797292,2755477.14542453,2754394.24537314,2754859.46091489,2756343.787046,2756081.59504496,2756103.52425572,2756045.23800197,2755642.90567303,2755648.61530406,2754500.91633009,2752665.86440411,2754759.14537745,2754684.8045947,2755082.31610709,2752246.11950868,2755475.71812917,2755049.50926118,2754043.8919289,2754861.0312691,2756340.89031242,2753129.81071876,2753626.81615274,2755842.13773654,2753315.21940396
1962,2801452.63240199,2798641.62287351,2803080.29933773,2801215.98081738,2802145.94465193,2800982.77982451,2801482.68486293,2803080.29933773,2802786.77011972,2802812.40517839,2802757.67443239,2802345.16458846,2802335.31391179,2801096.96702576,2799142.06851939,2801366.6017163,2801298.03883601,2801721.62548846,2798641.62287351,2802130.5229756,2801685.29966529,2800592.4061789,2801479.32148691,2803079.69791246,2799600.88668949,2800160.63583199,2802526.67740447,2799848.41971999
1963,2849672.37673763,2846628.91558964,2851423.05548447,2849415.16043375,2850417.32419724,2849171.2708966,2849707.35986354,2851421.41784931,2851094.79988708,2851124.69485314,2851073.94403685,2850651.76402997,2850625.00931557,2849292.75794397,2847215.38007654,2849574.20513796,2849512.22407353,2849962.69563529,2846628.91558964,2850385.5819568,2849921.24620104,2848738.63481098,2849698.17627931,2851423.05548447,2847666.71150121,2848293.18306677,2850812.57219918,2847981.33312096
1964,2899571.57670491,2896287.13366339,2901449.68902421,2899292.93263284,2900370.12754716,2899038.60970337,2899612.3877069,2901445.9047451,2901084.46560786,2901119.21310245,2901072.84032613,2900641.4545843,2900596.49587412,2899167.15237171,2896964.7366171,2899460.84205998,2899406.22486427,2899884.37798992,2896287.13366339,2900319.6521202,2899836.08219839,2898561.52257744,2899596.46657406,2901449.68902421,2897406.3156427,2898103.43354326,2900778.53066256,2897792.82588331
1965,2951225.23530438,2947691.56655659,2953234.47643869,2950924.32423251,2952079.34538529,2950659.83257698,2951272.81164443,2953228.67305664,2952830.70253455,2952870.93141667,2952829.30708921,2952389.1317019,2952324.7175017,2950795.16192483,2948465.21059531,2951101.54767605,2951055.04874717,2951561.66917259,2947691.56655659,2952007.64958331,2951504.69769338,2950136.16630055,2951249.21375879,2953234.47643869,2948894.8824583,2949666.49924459,2952499.41944568,2949357.89587389
1966,3004705.49703372,3000914.64345825,3006849.44316458,3004381.50568385,3005617.10950179,3004107.1136715,3004760.80964644,3006841.78189586,3006405.59461587,3006451.96709917,3006415.43309614,3005966.83121047,3005881.76198262,3004248.93889645,3001789.00059635,3004568.4988765,3004530.83988252,3005066.70487848,3000914.64345825,3005521.64350585,3004999.13360142,3003534.80616767,3004728.58289858,3006849.44316458,3002204.73727832,3003054.61982231,3006047.25826805,3002748.66614393
1967,3060083.05253539,3056027.33094116,3062365.16936504,3059735.19513227,3061054.09830354,3059451.16905278,3060147.09931823,3062355.84329662,3061879.78079362,3061932.98903264,3061901.8584041,3061445.13642393,3061338.26688264,3059599.18007,3057006.83395541,3059932.41864845,3059904.28420273,3060470.16527891,3056027.33094116,3060932.26149059,3060389.98721369,3058828.22846459,3060105.28742886,3062365.16936504,3057406.74791237,3058338.56558239,3061492.62630343,3058035.78988664
1968,3117428.65202629,3113100.6395606,3119852.30586551,3117056.17121459,3118461.05115097,3116762.76959017,3117502.45172642,3119841.53785076,3119323.9700657,3119384.73226449,3119359.28945506,3118894.69403887,3118764.93427317,3116916.63932534,3114189.47821702,3117264.08924009,3117246.12334402,3117842.78918619,3113100.6395606,3118310.20364063,3117747.92627793,3116087.27708561,3117450.10259197,3119852.30586551,3114571.83394763,3115589.14943962,3118906.1771892,3115289.96411561
1969,3176814.55740439,3172207.06947475,3179383.02864906,3176416.72450417,3177910.22138373,3176114.1925676,3176899.14400664,3179371.06896112,3178810.39514281,3178879.45125599,3178859.95280293,3178387.66865253,3178233.9841208,3176273.57896601,3173409.19142287,3176635.80398969,3176628.6072454,3177256.82686626,3172207.06947475,3177727.69513857,3177145.14155183,3175384.30375759,3176835.31750938,3179383.02864906,3173772.41485909,3174878.67777456,3178360.09250445,3174583.38200198
1970,3238315.84661241,3233421.90878723,3241032.34544444,3237891.9611994,3239476.68159288,3237580.52560725,3238412.2643121,3241019.46924531,3240414.11823847,3240492.22534535,3240478.90101481,3239999.04943758,3239820.45989074,3237745.07336732,3234741.02485832,3238122.67140638,3238126.79898745,3238787.3450736,3233421.90878723,3239259.79091295,3238656.65140962,3236794.47058907,3238336.03947147,3241032.34544444,3235083.71058902,3236282.2537879,3239929.38726969,3235991.03747203
1971,3302011.53555564,3296824.34998165,3304879.21967605,3301560.92436602,3303239.44642294,3301240.78820977,3302120.83437907,3304865.72435947,3304214.15426559,3304302.08170558,3304295.13602299,3303807.77423849,3303603.35164101,3301410.13025416,3298263.94357534,3301803.73680593,3301819.69716356,3302513.34960357,3296824.34998165,3302985.49768516,3302361.42380613,3300396.87026421,3302031.31574678,3304879.21967605,3298584.85994465,3299878.89864856,3303693.03275348,3299591.84737078
1972,3367985.5138237,3362498.42073829,3371007.50801202,3367507.52899414,3369282.40914471,3367178.86716271,3368108.74594226,3370993.71047439,3370294.40767808,3370392.93203819,3370392.54616622,3369897.66731585,3369666.53284176,3367352.6258641,3364061.76094414,3367762.91775754,3367791.17203197,3368518.72161247,3362498.42073829,3368988.70965051,3368343.31185978,3366275.46014756,3368005.06916719,3371007.50801202,3364359.85309724,3365752.48667376,3369734.89283574,3365469.58744177
1973,3436327.30804753,3430533.74297917,3439506.72533594,3435821.32471188,3437695.10582422,3435484.27964672,3436465.52481393,3439492.95922792,3438744.43678535,3438854.33683207,3438860.67074835,3438358.20455407,3438099.52474023,3435662.06782842,3432223.90105433,3436089.76717831,3436130.72927955,3436892.98153726,3430533.74297917,3437358.97163451,3436691.81690099,3434519.82414322,3436346.86132771,3439506.72533594,3432498.29203297,3433992.50835422,3438144.48776662,3433713.65595033
1974,3507132.69579876,3501026.14304512,3510472.66005159,3506598.10907161,3508573.32999192,3506252.78694437,3507286.94551929,3510459.27305791,3509660.06845036,3509782.12009519,3509795.31502146,3509285.12902941,3508998.11117248,3506434.20867655,3502846.011855,3506880.08698681,3506934.12430474,3507731.90352419,3501026.14304512,3508192.09264566,3507502.70191187,3505225.78522316,3507152.50631546,3510472.66005159,3503096.00187195,3504694.68410942,3509017.60824261,3504419.68785081
1975,3580504.19670581,3574078.1396613,3584007.86640214,3579940.41809061,3582019.62448461,3579586.88542034,3580675.52314921,3583995.21759291,3583143.8898528,3583278.86123704,3583299.04227259,3582780.94360828,3582464.8304929,3579771.53663423,3576030.45568547,3580236.41899414,3580303.85369383,3581138.00704163,3574078.1396613,3581590.63651634,3580878.48205186,3578495.89530409,3580524.56164923,3584007.86640214,3576255.51972902,3577961.45542258,3582456.80649329,3577690.04616488
1976,3656551.46800705,3649799.3368816,3660222.06103465,3655957.92127216,3658143.67767943,3655596.20198895,3656740.9096388,3660210.51832584,3659305.64454897,3659454.29132646,3659481.57024044,3658955.30779534,3658609.3718409,3655783.67092969,3651886.70439135,3656268.44025539,3656349.55111023,3657220.95289876,3649799.3368816,3657664.31687106,3656928.81951155,3654439.8296949,3656572.72365743,3660222.06103465,3652086.48832981,3653902.38054972,3658571.79162069,3653634.21778214
1977,3735391.63044345,3728306.74787624,3739232.44972666,3734767.7470144,3737062.65002308,3734397.81996446,3735600.22036456,3739222.38748215,3738262.55874392,3738425.6196333,3738460.09777309,3737925.36473838,3737548.90164988,3734587.68750321,3730531.66490185,3735093.28878594,3735188.3134987,3736097.86957292,3728306.74787624,3736530.3223453,3735770.84861938,3733174.71201694,3735414.15320462,3739232.44972666,3730705.98027085,3732634.46067918,3737479.75511908,3732369.13957813
1978,3817149.5480862,3809725.07311273,3821164.00788646,3816494.76200487,3818901.4544526,3816116.55888214,3817378.31464752,3821155.80468849,3820139.62138688,3820317.81405521,3820359.58533133,3819816.0219926,3819408.34399786,3816308.3987069,3812089.95883647,3816835.84323947,3816944.98119874,3817893.6334427,3809725.07311273,3818313.59567094,3817529.45481942,3814825.3931891,3817173.75536818,3821164.00788646,3812238.77650081,3814282.42011167,3819305.65019588,3814019.47843606
1979,3901958.08295221,3894186.95373307,3906149.73569877,3901271.82545558,3903793.01156243,3900885.22913605,3902208.0510089,3906143.77230753,3905069.83895963,3905263.85628951,3905313.0102015,3904760.20690806,3904320.63565943,3901078.60783887,3896694.17696764,3901628.97740134,3901752.3928196,3902741.12378015,3894186.95373307,3903147.08750277,3902337.52839462,3899524.70532607,3901984.43391924,3906149.73569877,3896817.6198533,3898978.9612887,3904182.44577404,3898717.88601856
1980,3989944.87458883,3981819.61572075,3994317.58348057,3989226.5010373,3991865.07057846,3988831.47642557,3990217.18250808,3994314.20613788,3993181.10130057,3993391.60356115,3993448.26689096,3992885.74113908,3992413.54265036,3989025.87645001,3984471.57078093,3989600.27447991,3989738.11154952,3990768.03571332,3981819.61572075,3991158.59100415,3990322.7034196,3987400.12205554,3989973.74904377,3994317.58348057,3984569.80025317,3986851.56741898,3992237.91539855,3986591.65572255
1981,4081014.97454233,4072540.58989435,4085572.83225775,4080259.70780362,4083018.95257319,4079869.55988767,4081324.56894142,4085568.95869773,4084378.42380581,4084602.75022882,4084670.50139505,4084096.97194429,4083586.41566877,4080056.11549582,4075333.75918431,4080649.02786471,4080802.8576879,4081877.01609148,4072540.58989435,4082260.14192853,4081384.38366643,4078351.89122512,4081035.84804067,4085572.83225775,4075400.37551136,4077818.24574233,4083371.74703335,4077542.72098768
1982,4175314.10933083,4166519.02303091,4180057.72559206,4174516.34217581,4177388.82594864,4174141.86404152,4175697.98129825,4180051.95464432,4178804.4403666,4179041.35232283,4179122.0695036,4178542.64153644,4177978.73974539,4174320.9571683,4169436.35958419,4174913.20394327,4175090.5836131,4176179.93691119,4166519.02303091,4176615.65360739,4175660.37611062,4172511.47271991,4175309.05368964,4180057.72559206,4169462.13396717,4172048.39531982,4177721.53777203,4171720.10865787
1983,4272935.5061095,4263871.10329098,4277868.41213241,4272101.46010946,4275051.95155605,4271700.42504338,4273451.21787488,4277868.41213241,4276548.65591919,4276812.55715768,4276892.40191801,4276334.64171013,4275689.38180146,4271927.58478246,4266878.51969124,4272482.55352003,4272695.98293198,4273650.55881247,4263871.10329098,4274348.91834074,4273240.46887621,4269946.70492911,4272894.15411951,4277861.76009732,4266862.24566254,4269664.77843847,4275377.18910563,4269234.02491622
1984,4373914.14898682,4364673.6994216,4379086.71595334,4373083.01017912,4376016.50000072,4372476.9590358,4374653.07548049,4379086.71595334,4377640.24716765,4377984.60989842,4378010.63081145,4377554.56884184,4376774.9689642,4372943.0790479,4367705.86904669,4373390.84325373,4373654.82235547,4374017.54923853,4364673.6994216,4375557.53540509,4374158.50114825,4370644.57411646,4373849.18222602,4379014.19282412,4367667.53105768,4370761.21881247,4376372.73242961,4370161.10795384
1985,4478206.90635361,4468949.81737084,4483736.41885978,4477489.98651228,4480194.10878961,4476211.12973289,4479305.95505774,4483736.41885978,4482022.68526952,4482586.88084415,4482420.18665149,4482256.09895183,4481245.4785004,4477387.01869222,4471887.77079793,4477598.13170975,4477921.77059859,4476647.32558093,4468949.81737084,4480312.48399673,4478374.61590721,4474473.56334336,4478185.6279778,4483458.62166273,4471897.21969021,4475396.8834285,4480668.54285496,4474544.33605889
1986,4584718.54753766,4575698.06369228,4590847.99130336,4584352.99620479,4586408.51120286,4581443.37983975,4586364.39114692,4590847.99130336,4588561.86538842,4589649.78994031,4588986.93563841,4589511.1783159,4588100.58153268,4584266.17388242,4578333.97703348,4584008.07438446,4584386.55947394,4579606.34429629,4575698.06369228,4587701.92402722,4584792.53741335,4580179.44377055,4584903.77003825,4590060.98726609,4578558.28392692,4582635.43713039,4587168.27594398,4581436.2156484
1987,4692383.24922205,4680901.78594272,4699540.55213523,4692791.2664542,4693454.3636878,4686627.19782843,4694807.10155392,4699540.55213523,4696098.71397287,4698292.36348921,4696551.7145233,4698504.64179548,4696412.10991953,4692658.03214648,4685958.75663222,4691527.03333507,4691948.07380598,4680901.78594272,4683970.82846709,4696924.50090031,4692318.68006938,4686430.17538128,4693075.09948402,4697662.24563842,4686728.47931184,4691630.99157503,4694778.29379537,4689988.22870607
1988,4800565.4365615,4779033.23869867,4809417.01139054,4802407.33676288,4800484.65500235,4790626.18624334,4804040.66731282,4809417.01139054,4803821.96736289,4808117.27193722,4804303.06101382,4808935.22044802,4805713.69122178,4802110.09772304,4794071.35684725,4799435.45460236,4799923.83886406,4779033.23869867,4793276.59953191,4807692.90395234,4800233.54568972,4792196.77354154,4802235.41535319,4805451.17142546,4795955.32755894,4802025.52631892,4802779.22694308,4799848.36829138
1989,4908400.19586835,4872444.67302034,4920333.75100437,4912604.3937588,4906359.52474211,4892162.74021955,4913260.96853251,4919880.89288688,4910597.57629405,4918527.74596967,4911106.53079004,4920333.75100437,4915314.29916943,4911975.59516143,4901723.22510774,4906702.78390494,4907413.10834058,4872444.67302034,4902929.83778272,4919562.08625487,4907506.60609142,4896107.42871918,4911707.07184441,4912293.56755202,4905592.26192751,4913276.5162854,4910140.6265871,4910481.08476176
1990,5014799.6454933,4959614.53394716,5032021.66658895,5022552.07698577,5009683.56053294,4989905.39621895,5021488.7694229,5030102.036768,5014991.45076084,5028693.27441881,5015527.26738749,5032021.66658895,5024265.14771351,5021411.89154373,5007735.06611814,5011984.87255899,5013323.85056723,4959614.53394716,5012066.61655829,5031907.66278569,5012793.63538926,4996498.00582099,5020578.11168225,5016754.78288427,5014797.19600844,5024642.26377997,5015518.27721781,5021133.72367222
1991,5118488.76384414,5039143.22849039,5143923.46252776,5131173.23852523,5108884.40129823,5082552.04981057,5127626.75674577,5139003.20646029,5115344.36002387,5137536.2180264,5115904.68179051,5143080.47544897,5131354.7003802,5129406.12840062,5110757.56599002,5113674.37196285,5116415.69241892,5039143.22849039,5119682.68557552,5143923.46252776,5114486.96984949,5091508.46391666,5127707.7398864,5117174.28778601,5122558.30453739,5135194.27231323,5117304.47161091,5130821.3623272
1992,5218064.12718453,5109830.22754809,5254639.7539067,5237157.75732296,5202313.64835424,5168904.11837539,5230523.89909393,5245273.7152656,5209879.27306139,5243745.46130081,5210459.58066046,5252341.36287918,5235138.13305599,5234821.28413332,5209349.96222526,5209993.44207254,5215352.6751329,5109830.22754809,5224684.15901572,5254639.7539067,5210808.02141661,5179204.9465003,5231758.0475096,5211772.62456778,5227740.19119905,5243854.20586683,5213720.59912584,5238336.09002266
1993,5312066.77776425,5170737.10791867,5362959.11073724,5339004.13514893,5288353.1731836,5247925.50033142,5329039.79165374,5347410.82506046,5296820.91864787,5345817.8613449,5297413.60592374,5358402.17184739,5333999.09885516,5336452.98543179,5302063.69477391,5299110.06433044,5308762.58222467,5170737.10791867,5325943.28758852,5362959.11073724,5299923.38120745,5257708.95714223,5331246.93442181,5298770.64752298,5329140.72368938,5349447.43466037,5302933.35683493,5342282.09362463
1994,5399060.32872583,5221226.92211547,5467704.32646109,5435084.44242206,5365514.36858834,5318782.90181521,5422104.49650648,5443784.52014504,5374512.85843828,5442123.09132233,5375106.37346837,5459673.8452768,5426234.52475249,5433088.6132525,5387521.97881343,5379260.3060693,5395300.25396195,5221226.92211547,5422353.492424,5467704.32646109,5380066.94330377,5325318.06513685,5424615.05683751,5376506.54635751,5425550.06451402,5450764.35406458,5383176.94201278,5441132.9300855
1995,5477705.67005504,5260974.02937669,5567672.55968524,5523724.7776302,5432520.41346365,5380866.54446459,5508770.55377372,5532717.86304015,5441519.10117792,5530984.06526183,5442097.40223406,5554452.25096042,5510150.0318628,5523562.68810564,5464488.77980673,5448859.36869439,5473712.00965271,5260974.02937669,5512879.04250407,5567672.55968524,5449650.92200054,5380605.70819806,5510299.56172084,5443537.81793205,5515805.90218844,5546622.12993852,5452864.0724341,5533304.15526855
1996,5546846.26101436,5289966.53042429,5661706.80432802,5603316.32502458,5488391.46831156,5433811.96313109,5588267.61263373,5612597.95114769,5496714.53662093,5610787.96680492,5497257.08441666,5641032.30130212,5584180.57403831,5606822.36285799,5531940.10016337,5506615.73738416,5542914.36994597,5289966.53042429,5596604.70520334,5661706.80432802,5507380.16795774,5422524.7612993,5586839.20389693,5498732.42270618,5598858.80254058,5635934.27171799,5510700.17273299,5617258.32876866
1997,5605701.50531177,5308590.4041948,5748865.57333102,5672570.93719677,5532654.19486347,5477613.63279998,5660117.41895236,5682131.19448596,5539437.12998033,5680241.63133028,5539919.51020137,5717985.68408812,5647156.54653382,5682087.58095555,5589216.77653697,5551765.72696295,5602156.43572154,5308590.4041948,5672825.78313383,5748865.57333102,5552487.10033586,5450667.65446576,5653163.67864862,5541421.8822424,5673932.34787771,5717848.17251423,5555918.00628075,5691762.62915973
1998,5653944.78326671,5317597.65539935,5828520.28780769,5730663.23107374,5565391.28953465,5512633.6191558,5724173.77402338,5740486.22761497,5569530.05550089,5738514.44195719,5569925.41381797,5784326.63774602,5698429.18840678,5748925.99669843,5636077.06499419,5584143.73197736,5651093.60643474,5317597.65539935,5741089.94421977,5828520.28780769,5584802.40001528,5465318.06328049,5708737.3661157,5571444.5930099,5740597.38861435,5791815.71137586,5588348.35122633,5756033.54166701
1999,5691676.40751509,5318006.06925453,5900370.13191856,5777246.69267131,5587167.04893063,5539534.71260043,5780597.82689565,5787310.78328068,5587292.12301136,5785255.28131324,5587573.32499802,5839544.54078152,5737860.35631819,5807243.39830607,5672664.10299795,5604118.86548155,5689775.64752653,5318006.06925453,5801194.52775568,5900370.13191856,5604692.40505973,5467346.84030663,5753549.8798677,5589097.25436688,5798761.88275562,5857595.3048539,5608357.04567617,5809754.14094877
2000,5719397.37840758,5311028.17388497,5964453.43082328,5812461.52594214,5598965.65295764,5559231.32507347,5829832.93923327,5822739.9534401,5593422.59215494,5820600.9146746,5593564.77602554,5883629.66510885,5765810.24514049,5857276.27095089,5699475.85001545,5612534.94110978,5718623.49050077,5311028.17388497,5853181.5156601,5964453.43082328,5612999.87309114,5458126.40704998,5788108.91018173,5595080.21823566,5848663.2548733,5915249.83341239,5616785.34119826,5853087.35945076
2001,5739627.97962702,5299544.27815705,6022901.96478057,5838597.42186176,5603721.8929758,5574464.83693473,5874293.85035085,5849061.84872052,5590573.32313819,5846841.21854531,5590556.55520556,5918770.70503287,5784754.19705941,5901292.8702777,5718997.11016953,5612240.38665533,5740059.69311654,5299544.27815705,5899064.0901073,6022901.96478057,5612574.60961042,5440980.47999555,5815064.15818782,5592050.13119458,5892567.27983567,5966884.49696524,5616481.16329619,5888360.92850094
2002,5754408.25136831,5285787.25007529,6077413.18928005,5857528.0210478,5603814.13080941,5587397.63164794,5915912.66133768,5868149.43418783,5580911.27061188,5865851.61417136,5580722.74040326,5946765.08635685,5796718.59217806,5941093.95723607,5733238.43353867,5605565.86316446,5756047.76146846,5285787.25007529,5940411.05945993,6077413.18928005,5605750.99724111,5418647.23688244,5836589.90334525,5582181.40137554,5932271.36650065,6014169.16724879,5609775.67356508,5917491.84107382
2003,5764530.90819972,5270687.03611119,6128431.17187653,5869915.84563319,5600323.623987,5598885.87602329,5955352.67968338,5880664.09508918,5565385.63319792,5878296.46699794,5565020.47770093,5968208.30723405,5802501.03343516,5977220.83600345,5742970.38845323,5593577.52515132,5767326.8940024,5270687.03611119,5977570.51352534,6128431.17187653,5593600.45503895,5392547.8623963,5853588.98712135,5566431.76772419,5968314.32625483,6057537.01238042,5597736.0574174,5941177.83255419
2004,5771225.06539527,5255475.68728102,6176810.1712231,5876946.04158617,5594706.05435439,5610072.06254769,5993627.23424551,5887791.99654186,5545448.13662745,5885364.49039145,5544909.21409701,5984218.98324384,5803379.9688501,6010612.60209556,5749373.52191606,5577788.04102338,5775109.20660159,5255475.68728102,6011309.67514018,6176810.1712231,5577641.72923624,5364451.57804827,5867399.76554762,5546261.85976511,6001632.23455796,6097831.99069955,5581877.64275096,5960586.74650979
2005,5777142.05209965,5242609.38937429,6224662.50411416,5881396.11018062,5589777.41209972,5623196.405188,6032898.87909954,5892316.56493844,5524184.38656509,5889840.03767758,5523480.56236715,5997471.32749477,5802155.7207724,6043480.79458807,5754953.76013051,5561242.0494183,5782107.88762556,5242609.38937429,6043674.76135243,6224662.50411416,5560924.91908095,5337483.39352983,5880785.35028602,5524765.28954677,6034431.78936095,6137151.33178256,5565250.12539756,5978310.55052005
2006,5785918.39304193,5235300.4096181,6275042.33377811,5887195.51219532,5589225.60349629,5641194.47610734,6076130.2486818,5898177.18796693,5505777.40081904,5895661.02690433,5504919.7054672,6011788.57069039,5802706.69219315,6078973.55868364,5763131.24764155,5547995.35827958,5792094.92562454,5235300.4096181,6077689.83297633,6275042.33377811,5547509.03571106,5315557.77072842,5897489.09189021,5506129.77330803,6069855.32789954,6178531.17025756,5551915.58091592,5997967.9842137
2007,5800889.04371218,5236328.1451045,6330871.10075727,5898033.65400047,5596310.26049815,5666643.25799484,6126048.59316706,5909074.03669095,5494008.77971751,5906523.64894159,5493005.04049317,6030800.19037123,5808629.06730821,6120067.40281588,5777040.85541124,5541679.24888286,5808564.85092994,5236328.1451045,6116275.9406395,6330871.10075727,5541024.96388748,5302010.45898836,5920937.12097785,5494136.15624441,6110874.40108971,6224874.64892389,5545510.55160326,6022953.71736517
2008,5823918.14693142,5247048.72147469,6393894.84845932,5916049.96467977,5612744.96258743,5700872.01964781,6184201.79082177,5927154.38424548,5490933.99047839,5924569.91691594,5489784.81172135,6056653.41810602,5821975.54241888,6168502.37115372,5798450.85732603,5544243.68884391,5833498.89309977,5247048.72147469,6161179.73455176,6393894.84845932,5543419.39201275,5298496.57775791,5953056.60878877,5490834.43289967,6159226.53783818,6277911.13091428,5547987.71590915,6055261.36063285
2009,5854152.67025967,5266370.52672773,6463529.95020943,5940421.06131693,5637532.83348068,5743030.71618834,6249941.08539742,5951595.394046,5495502.39805545,5948973.04653815,5494200.98271435,6088611.52371895,5841902.43508951,6223607.34920477,5826612.41346267,5554646.89217262,5866042.16963428,5266370.52672773,6211783.23107287,6463529.95020943,5553647.05220628,5303882.33703179,5993012.69927842,5495167.10545496,6214242.24020332,6337048.62734691,5558304.66104003,6094208.02489992
2010,5890139.03679287,5292733.01650076,6538636.4059017,5969650.08282984,5669117.250742,5791844.69209384,6322123.67201901,5980898.61651186,5506016.83882354,5978232.16883614,5504550.90210583,6125254.70848706,5866904.51327568,6284116.18142228,5860214.66409003,5571230.24991189,5904709.81796771,5292733.01650076,6266847.18237965,6538636.4059017,5570046.89334681,5316525.89819924,6039351.17577954,5505431.44087609,6274657.47947931,6401112.77741536,5574801.69913926,6138467.59168723
2011,5932638.30344799,5326606.94066721,6619950.35249833,6004668.42927923,5708139.62634971,5847885.06600765,6401403.32330685,6016001.2305199,5523352.50541268,6013279.42676243,5521701.11142046,6167473.2970839,5897802.85203187,6350652.69793502,5899991.1034229,5594850.20543846,5950317.37453788,5326606.94066721,6326961.1894174,6619950.35249833,5593470.1642943,5337124.31755527,6092823.08476974,5522494.28176282,6341093.59978503,6470743.60232527,5598336.36760706,6188835.43600821
2012,5978155.38298725,5362106.94092298,6704315.54528814,6041467.8235739,5751148.72195866,5908279.1381603,6485005.24779296,6052885.8461072,5543491.14818914,6050094.69626659,5541625.21280824,6211503.19870746,5930803.29522743,6420302.27761676,5942784.43184128,5621544.06343409,5999150.15355321,5364881.53720315,6389568.6373892,6704315.54528814,5619950.20801882,5362106.94092298,6149882.29568598,5542329.68755275,6410638.44233049,6543191.86761833,5624939.78307867,6241994.37435556
2013,6028232.94086098,5392574.22380447,6793337.70717549,6081829.2976014,5799542.76993199,5974025.17219028,6574254.5820033,6093336.05005411,5568041.60361362,6090464.11815258,5565936.35660163,6259072.22157997,5967570.7194186,6494716.39209788,5990009.24254194,5652736.71390097,6052991.23907327,5408767.79461033,6456315.21635159,6793337.70717549,5650913.75339746,5392574.22380447,6212214.30701176,5566549.20714837,6484938.44192795,6620051.06583902,5656037.93226845,6299597.39322803
2014,6086204.27306399,5431459.88399526,6890243.6336473,6129615.2468062,5856432.3632726,6047599.87983013,6671925.31379492,6141223.93227964,5600677.03785793,6138260.19656178,5598309.25246968,6313854.19968644,6011694.6257047,6577008.03529148,6044710.50673544,5691934.72438971,6115474.16379141,5460980.23764225,6530140.61462588,6890243.6336473,5689866.22584597,5431459.88399526,6283268.98109106,5598824.79614329,6567098.90747674,6704327.73543358,5695141.42957916,6365034.90264715
2015,6153872.90283701,5480347.53709324,6996826.87732098,6186922.52544529,5923435.15484762,6130358.92955934,6779519.56021617,6198652.09368582,5643340.95779749,6195584.76010992,5640684.77936868,6377940.95910004,6065139.03667452,6668893.71458569,6108566.74681747,5740999.64306695,6188544.01679897,5522927.5447546,6612702.04644857,6996826.87732098,5738665.67247266,5480347.53709324,6364898.68715398,5641094.23715921,6658831.13526282,6797680.61322727,5744113.45019088,6440151.89176716
2016,6230027.32029624,5538054.69514178,7111880.25143295,6252393.14558621,5999332.59944472,6221287.80799663,6895961.92960166,6264261.53930491,5694720.74433306,6261075.57078254,5691740.87741296,6450071.68819638,6126645.36869904,6769260.37616857,6180501.56909581,5798658.16932708,6270898.02085628,5593480.5025892,6703010.83724175,7111880.25143295,5796031.97461514,5538054.69514178,6455841.46993352,5692032.26369526,6759020.00305915,6899067.32293921,5801678.28855015,6523775.99140219
2017,6312600.42377422,5602438.09120227,7233537.20327577,6323770.04951432,6082092.32506612,6318692.26662575,7019461.65668738,6335788.21442859,5752444.86931476,6332477.1897971,5749114.80190585,6528077.377723,6194072.85814066,6876266.13244658,6258602.34955123,5862733.7905368,6360400.11090716,5670763.842817,6799230.98337843,7233537.20327577,5859790.81899779,5602438.09120227,6553990.25191186,5749272.18398525,6865825.48217557,7006634.30332126,5865658.05835641,6613875.38228848
2018,6398653.83858594,5670577.8532798,7359195.14723077,6397841.55006862,6168792.49960984,6420184.26923505,7147576.08059766,6410004.72240896,5813167.7475586,6406578.65809917,5809484.47654333,6608839.6979885,6264288.63908091,6987295.1494904,6340146.3626595,5930019.6892463,6453977.69322807,5752094.88090964,6898789.00333062,7359195.14723077,5926751.89648245,5670577.8532798,6656375.01563393,5809488.33156569,6976637.13211665,7117839.05228732,5932847.60429535,6707552.81170125
2019,6487366.6953393,5741720.24102956,7488072.70020744,6473730.56495479,6258561.18478356,6525076.3299037,7279645.25889688,6486027.55477089,5875998.26405675,6482504.45460155,5871969.63079311,6691560.63921089,6336426.60830368,7101560.30510859,6424412.45230531,5999585.71946038,6550699.04624956,5836635.75620673,7001048.19276605,7488072.70020744,5995988.51806909,5741720.24102956,6762091.92757892,5871798.89211963,7090670.36858013,7232008.50832898,6002317.52552013,6804056.73967607
2020,6579043.41404031,5816133.44024151,7620441.4268274,6551800.33363879,6351664.99101369,6633546.37994231,7415859.79238772,6564217.59540529,5941290.46212188,6560619.88648197,5936923.9479821,6776586.43471955,6410889.63856884,7219292.35292389,6511772.11813221,6071767.24406391,6650748.82711755,5924584.76145081,7106393.55956713,7620441.4268274,6067834.56187342,5816133.44024151,6871369.2653309,5936557.18103208,7208155.55811234,7349517.93334735,6074403.9792619,6903713.67946309
2021,6666911.93380158,5889221.98738334,7741425.64562082,6628867.30687832,6440688.52507219,6733502.82357833,7539629.54065179,6641395.27670805,6007950.3651661,6637736.86688709,6003288.43183023,6859548.96299541,6485118.12194257,7328465.9908832,6595221.93066637,6144025.73524707,6746264.68174409,6008184.82286571,7205049.75237146,7741425.64562082,6139799.24439835,5889221.98738334,6974470.84475025,6002741.3914192,7317099.50264048,7458040.95533807,6146585.23690352,6998474.40109749
2022,6781467.17570495,5985793.67962637,7895040.52054453,6730778.85886508,6556705.3596396,6861008.50819276,7696333.78442448,6743440.07085231,6097624.86593737,6739724.18643718,6092612.75321799,6968657.57801927,6583809.81649332,7468383.94735561,6703776.86305247,6240314.39546153,6870690.0548002,6116812.27571109,7332039.45643445,7895040.52054453,6235728.38492108,5985793.67962637,7107944.08273024,6091828.80993949,7456724.19378446,7596601.66439943,6242783.646206,7121521.63557754
2023,6899779.91976692,6086231.16136361,8052261.35792588,6836191.15195673,6676695.30300018,6991823.87455638,7856894.10341543,6848972.47136116,6191066.0909984,6845225.11409047,6185722.42032268,7081283.1898408,6686108.31612556,7612304.78081233,6815877.80071042,6340357.12350872,6999427.27174206,6229174.75650291,7462660.59905843,8052261.35792588,6335411.73849888,6086231.16136361,7245813.83576901,6184678.77591806,7600333.62913137,7738702.22392183,6342737.85254302,7248543.0510988
2024,7019131.53336248,6188028.12382738,8210557.44343074,6942132.45866097,6797954.35570404,7123757.1700423,8018998.38622859,6955013.22616195,6285366.03989827,6951267.81842308,6279718.29375285,7194528.07044835,6789091.3231996,7757567.07548201,6929101.38384293,6441273.24984623,7129520.3666257,6342825.38497346,7594410.54620245,8210557.44343074,6435973.09064799,6188028.12382738,7385215.84351311,6278393.55232679,7745274.37303171,7881948.68399029,6443566.87570177,7376805.19809934
2025,7138941.6766509,6290621.75020054,8369310.28804764,7048032.64064044,6919816.28385817,7256349.83100089,8182057.16920001,7060992.62880822,6379904.70355546,7057282.39583303,6373982.77588487,7307902.50586648,6892261.63403773,7903481.43836498,7043037.48251579,6542564.10172548,7260153.59303906,6457168.39197134,7726788.58182406,8369310.28804764,6536919.28880064,6290621.75020054,7525358.79183247,6372357.56319812,7890860.36321602,8025863.50597111,6544771.23398331,7505702.97289679
2026,7263848.83376116,6398156.2282631,8532947.82093665,7159240.49160335,7046761.28588331,7393209.44996349,8349837.65287637,7172273.78382621,6479749.08663735,7168626.1649674,6473576.61157301,7426633.47544748,7000815.47382201,8054412.46219634,7161866.03827026,6649036.51283265,7396154.00892927,6576084.37533554,7864134.75561611,8532947.82093665,6643060.45096246,6398156.2282631,7670850.57457806,6471635.42028185,8041450.62897143,8174654.65077717,6651160.84303681,7639892.59644134
2027,7391804.70431623,6508764.39071427,8699503.88224534,7273548.63730581,7176770.45088884,7532537.41501687,8520490.31191996,7286645.43133474,6582710.4116183,7283092.98100509,6576320.80130132,7548484.19797218,7112425.78491932,8208498.35115201,7283565.81148623,6758504.24978315,7535595.17333883,6697693.95921407,8004457.53299767,8699503.88224534,6752204.08497157,6508764.39071427,7819824.93422042,6574049.97304258,8195187.17263185,8326291.87642284,6760550.28136645,7777399.51103595
2028,7520002.32625355,6619914.04896965,8866232.47950794,7387875.38522695,7307108.06541053,7671932.48145272,8691513.62969426,7401021.13359799,6685794.05772633,7397599.20728528,6679226.85329494,7670447.76452322,7224094.14493498,8363028.90546716,7405574.28455625,6868065.01176253,7675481.83063696,6819535.10582416,8145125.28334034,8866232.47950794,6861453.99909624,6619914.04896965,7969442.98165237,6676615.09170675,8349363.75833006,8478154.85634382,6870036.66191444,7915421.13408275
2029,7647582.72747031,6730890.40115824,9032195.82924433,7501300.22494196,7436879.05272709,7810671.92350279,8862077.22973941,7514481.99686357,6788201.79357232,7511222.09743073,6781489.62244726,7791740.0327888,7335050.07469926,8516993.86687449,7527216.48570869,6976873.10833259,7814674.86231929,6940770.36843785,8285385.83178982,9032195.82924433,6969965.74278712,6730890.40115824,8118634.71460862,6778528.16061278,8502971.13165963,8629497.16460223,6978773.29907387,8053083.17083503
2030,7774312.91502672,6841331.75970193,9197041.4942217,7613655.47854217,7565726.98436527,7948620.48238741,9031757.785419,7626863.17823342,6889541.12422077,7623793.21827738,6882716.77752343,7912253.74216512,7445289.97174811,8670100.4892873,7648361.26460314,7084972.33690552,7952815.142546,7061175.40816357,8425001.44614502,9197041.4942217,7077781.37539764,6841331.75970193,8267062.73285596,6879399.66481017,8655717.27519829,8780028.48965756,7086803.90215241,8190011.35113979
2031,7903900.00216945,6954492.17958241,9364399.63011678,7729275.581796,7697364.68550396,8088534.54294493,9203598.57799935,7742510.72513128,6993998.58103889,7739651.95444748,6987090.54847521,8035923.28896101,7558757.20728819,8825905.96798096,7772198.18592511,7196043.92231423,8093978.44765997,7183940.65597941,8567396.58173627,9364399.63011678,7188583.06589994,6954492.17958241,8418437.27327183,6983418.16074147,8811156.62313788,8933103.62357343,7197814.87109227,8329925.17163801
2032,8034002.79578782,7068315.47157338,9531947.46855777,7845608.82362585,7829477.63345764,8228340.92122917,9375455.52881472,7858869.2579048,7099144.39088395,7856242.75588251,7092183.97719492,8160252.31657044,7672860.26167818,8982249.12660719,7896428.73168683,7307590.66275874,8235932.56421072,7306904.57267495,8710210.58753939,9531947.46855777,7299877.52448299,7068315.47157338,8570629.32215027,7088157.2103869,8967131.22950157,9086349.93355097,7309305.58069364,8470604.04107798
2033,8161836.18278674,7180315.13329213,9696899.83245678,7959627.37801997,7959360.01108436,8365645.42604813,9544741.01274696,7972906.95129533,7201991.083637,7970537.49931271,7195014.3600672,8282305.93602451,7784693.83477091,9136402.00621411,8018512.90514178,7416808.18169149,8375650.79985192,7427581.6684472,8850792.78011846,9696899.83245678,7408868.90498766,7180315.13329213,8720833.02197887,7190637.63563808,9120916.19879838,9237130.53500293,7418472.58395107,8609258.88909056
2034,8286605.18064365,7289891.7563541,9858356.96336033,8070531.70953169,8086227.13658937,8499670.08177912,9710613.22072139,8083826.41424945,7301839.331442,8081728.71649569,7294873.44379577,8401424.41332939,7893540.67474323,9287363.40347338,8137848.84807948,7522877.78598127,8511997.90062566,7545163.78966596,8988487.91620532,9858356.96336033,7514736.12940774,7289891.7563541,8868058.12956648,7290149.98171709,9271511.36518573,9384761.48067092,7524496.07389962,8745152.84922113
2035,8407816.06520854,7386260.7197383,10015754.9175182,8177843.44264222,8209521.32005769,8629928.4480345,9872511.40740474,8191151.36942902,7398257.19882983,8189336.76762317,7391325.00383346,8517126.06410872,7998887.72346229,9434686.62573057,8253999.56750973,7625283.90451147,8644541.14231834,7659231.69486328,9122711.70262173,10015754.9175182,7616955.17703101,7396593.95820284,9011791.15176395,7386260.7197383,9418471.07546943,9528631.82194121,7626861.00756999,8877738.4179978
2036,8529025.0035874,7482899.3739511,10172459.6802659,8285594.81167227,8332702.92792433,8759428.01151588,10033369.6464671,8298924.16141719,7495175.71664698,8297395.57347411,7488292.59501257,8633126.84986977,8104697.49003737,9581636.28758223,8369994.33962754,7727982.29210013,8777193.13534791,7772972.17849069,9256684.29891389,10172459.6802659,7719484.3193198,7503354.58671766,9155443.68590724,7482899.3739511,9565057.10884599,9671913.95779849,7729525.17744677,9010316.88333227
2037,8647907.28783146,7577545.26809567,10326124.1766875,8391340.11693934,8453514.18851644,8886005.91387606,10190929.9425598,8404695.32956086,7590067.1813255,8403458.08173561,7583256.44958136,8746990.23139194,8208526.35817477,9726052.83776541,8483621.67868852,7828578.9914304,8907606.06114889,7884291.60076316,9388123.23937654,10326124.1766875,7819927.33341696,7608107.44926107,9296825.65354356,7577545.26809567,9709110.31070756,9812241.94475358,7830095.3767893,9140646.47969668
2038,8761756.02182925,7667286.32485254,10474036.7161416,8492171.85480685,8569302.82096616,9007320.57376873,10342652.2071718,8505553.14985023,7680011.62828599,8504612.83936123,7673299.93914718,8855926.54867519,8307559.31396794,9865290.11322752,8592404.56565195,7924288.69841674,9032866.43622494,7990700.71543376,9514472.76713009,10474036.7161416,7915507.06108877,7708507.65287101,9433275.44027614,7667286.32485254,9847985.95849683,9946996.92293378,7925786.30217425,9266083.9948101
2039,8870006.00205899,7751543.10672067,10615587.730938,8587504.21245336,8679537.73917546,9122903.49515888,10487867.0776577,8600912.6583494,7764438.0721501,8600269.65378577,7757843.54910776,8959547.92662296,8401452.53444476,9998572.73084176,8696018.62153862,8014608.36422688,9151947.59953514,8091605.14215454,9635324.27568189,10615587.730938,8005715.293157,7804100.20839675,9563984.78109667,7751543.10672067,9980916.6227652,10075789.1411216,8016092.75077694,9386066.76361703
2040,8972554.27794624,7830362.2641443,10750587.9862988,8677295.36925645,8784078.09832539,9232506.46747982,10626459.9549282,8690733.35700586,7843401.23304374,8690384.45511972,7836935.19839236,9057729.52909204,8489965.93023049,10125851.7596875,8794292.36619518,8099358.50135795,9264787.58120498,8186955.31445908,9750450.64132557,10750587.9862988,8090370.97237352,7894834.3854287,9688879.03923736,7830362.2641443,10107850.9118529,10198425.5564024,8100835.11502641,9500524.96078724
2041,9073283.19544422,7908095.54048743,10882739.5873674,8765782.27876528,8886703.22651595,9339507.16586668,10761875.4747007,8779260.95916279,7921259.81773075,8779196.05476655,7914925.89315689,9154392.81368178,8577222.50692148,10250748.0360155,8890681.37593404,8182781.22855901,9375785.51861521,8280372.8111547,9863358.14722751,10882739.5873674,8173715.83634835,7983961.31968232,9811628.25277059,7908095.54048743,10232403.3390507,10318431.2239153,8184256.98682625,9612994.49088212
2042,9170346.07724493,7982597.19284535,11010323.0321683,8850978.38900014,8985620.24728884,9442308.11954191,10892414.0563906,8864505.43152609,7995852.91692522,8864716.37190416,7989664.01351099,9247579.57211629,8661245.97537066,10371631.7636802,8983421.72028287,8262900.33017544,9483129.31902581,8370180.00246191,9972272.06107694,11010323.0321683,8253774.58698495,8069807.86313989,9930627.68166804,7982597.19284535,10352947.6923025,10434015.8650047,8264382.93879625,9721754.78793505
2043,9261573.14834218,8051407.27779444,11131258.1988114,8930506.40020467,9078707.28481123,9539073.90532003,11016116.5864076,8944104.64319232,8064715.03633579,8944564.43549296,8058687.43401498,9335115.4982213,8739762.95237775,10486475.4700052,9070559.31629893,8337387.45432994,9584439.81409023,8454330.22250026,10075180.688776,11131258.1988114,8328225.02755142,8150562.64285146,10043842.4338854,8051407.27779444,10467468.8714261,10543152.7728557,8338885.97764873,9824798.36335051
2044,9346830.21108703,8114320.66792229,11245403.7785726,9004196.67538214,9165826.60688348,9629787.96093176,11132858.4338505,9017871.72102857,8127649.4758837,9018567.51624256,8121791.37990461,9417021.15106957,8812850.65021977,10594991.3481885,9152148.86425604,8406138.80755824,9679137.14380266,8532584.38002756,10172173.4438766,11245403.7785726,8396979.32152957,8226207.44915872,10150950.2918087,8114320.66792229,10575670.4319852,10645940.0808229,8407681.09673027,9922006.59953899
2045,9426457.35294122,8171670.72119661,11353192.5910334,9072494.36765208,9247351.83434408,9714711.07990178,11242958.3513317,9086240.85856273,8185027.84833255,9087169.56955714,8179342.60819536,9493608.94476776,8880744.45825273,10697583.0804088,9228490.93180734,8469442.83167262,9767565.38724585,8605298.54909135,10263573.9342598,11353192.5910334,8460293.27254951,8296924.91469371,10252323.2760215,8171670.72119661,10677953.6534444,10742695.105369,8471026.42039277,10013749.2334461
2046,9504652.45449209,8228341.47195999,11458597.8855693,9139867.56113392,9327338.0968859,9797473.55313994,11350387.9471755,9153691.61691231,8241717.18906071,9154841.87021376,8236196.67487754,9569047.56305189,8947704.14690532,10798207.1660329,9303285.08230354,8531776.44516313,9854582.49353364,8676514.05270514,10353111.4044147,11458597.8855693,8522638.89356447,8366314.1797386,10351917.9640043,8228341.47195999,10778267.7603103,10837224.3795813,8533401.39699133,10103864.5670729
2047,9579817.83305759,8282376.16584757,11560201.8172453,9204560.60690032,9404239.23335349,9876723.47627111,11453684.0113371,9218468.79009739,8295731.5851355,9219826.80688331,8290380.33114733,9641628.5701103,9012023.02359369,10895520.4301438,9375058.24038654,8591415.14320821,9938606.90029446,8744755.20106915,10439279.9588606,11560201.8172453,8582303.04502383,8432971.75692135,10448411.6718378,8282376.16584757,10875278.3533488,10928022.9779048,8593086.61173423,10190891.1177838
2048,9649997.51432251,8331508.7506819,11656190.400218,9264446.94575125,9476128.67680678,9950805.27370553,11551126.2831034,9278442.7022254,8344814.50197653,9279994.15969851,8339629.18643242,9709457.79709887,9071615.57686908,10987748.1816207,9442047.71518724,8646194.96805752,10017468.2751187,8808104.16692482,10520280.797,11656190.400218,8637126.98288586,8495257.34106497,10540047.7860561,8331508.7506819,10967218.571605,11013293.2886077,8647918.34500322,10273071.1843632
2049,9715079.23246801,8375528.12924543,11746417.7279022,9319406.38453264,9542844.05067531,10019746.2455919,11642617.3217074,9333492.2832733,8388750.80630769,9335222.13711842,8383737.11344241,9772621.63242757,9126567.14824732,11074621.503199,9504310.5333112,8695995.63522065,10090623.9013803,8866317.47068407,10596240.2454661,11746417.7279022,8686985.44694277,8553249.66456896,10626571.5026902,8375528.12924543,11053818.4701981,11093132.5731972,8697774.81088575,10350388.0734843
2050,9775430.19403444,8414781.74148465,11831379.117051,9369783.81610039,9604830.13931546,10083869.2140788,11728475.2246824,9383963.27655505,8427896.35954491,9385855.10712039,8423056.01244754,9831388.27807324,9177267.8693046,11156552.7071757,9562231.22529393,8741223.170862,10158396.0882854,8919805.24512458,10667562.9403789,11831379.117051,8732281.16324172,8607182.32705634,10708301.2040838,8414781.74148465,11135486.8051877,11167968.6273909,8743061.83311017,10423155.3579115
2051,9835191.35021161,8454115.76563585,11914968.4020569,9420057.96623677,9666155.23634638,10146737.2403482,11812640.2435028,9434343.98973641,8467111.99112785,9436375.99780171,8462435.6887947,9889796.46160346,9227824.27418076,11237423.1407789,9619430.65070832,8786282.75653819,10225607.6000705,8972669.10434134,10737888.8422207,11914968.4020569,8777415.11740962,8660524.80398836,10789067.0661086,8454115.76563585,11216096.2061247,11241530.4720287,8788185.76793438,10495098.9696663
2052,9892795.94173234,8491648.62514226,11995761.8846507,9468502.51232056,9725272.6738708,10207009.1576484,11893708.8723946,9482901.19226824,8504508.69444362,9485055.98273165,8499992.73376652,9946182.64372649,9276549.5268853,11315907.9774437,9674432.70556324,8829486.3149006,10290745.0141296,9023426.67312319,10805694.5602219,11995761.8846507,8820703.10908022,8711871.65231329,10867621.4846213,8491648.62514226,11294328.0768808,11312303.8305607,8831460.30724002,10564822.3373808
2053,9946279.17182736,8525087.44566123,12071945.3874527,9513027.54981632,9780245.03345168,10262994.0793201,11969889.0792626,9527542.38768043,8537787.73928675,9529802.65458366,8533431.13988664,9998683.11854131,9321367.45028365,11390236.4697578,9725447.15373924,8868639.84742766,10351590.8013389,9070106.57707091,10869210.8367053,12071945.3874527,8859955.68537457,8759600.10877253,10942232.5342284,8525087.44566123,11368418.9135494,11378454.3584753,8870691.23227328,10630591.7117436
2054,9995383.50104754,8554097.44793277,12143223.6082303,9553356.00505604,9830753.34354481,10314540.5059072,12040959.546281,9567989.40363928,8566622.13685014,9570337.4508287,8562420.17675115,10047299.1318339,9362207.11686691,11460010.5833434,9772384.85921226,8903424.22267731,10407494.0255314,9112323.75574792,10928400.7975986,12143223.6082303,8894850.75038018,8803642.0170222,11012523.0636751,8554097.44793277,11437971.972681,11439920.9598061,8905557.5657478,10692277.079043
2055,10040388.1035288,8578949.52399904,12209866.8782098,9589751.35108468,9877095.48281829,10361928.7266827,12107155.9416819,9604505.46503933,8591289.76508111,9606923.79065533,8587235.20931616,10092118.220274,9399430.65909874,11525474.2981602,9815559.71624869,8934249.64448845,10458678.0093033,9150414.3983837,10983513.2063052,12209866.8782098,8925794.33189367,8844195.16412255,11078716.7238094,8578949.52399904,11503228.6639268,11497058.0728263,8936468.07525896,10750101.269551
2056,10085244.8901216,8604361.56629987,12275648.2732811,9626424.94992836,9923249.50810285,10408593.9728157,12172223.4808135,9641307.61473747,8616518.40667039,9643778.84650956,8612597.2308836,10136921.5835286,9436890.50546274,11590284.697496,9858447.62335324,8965382.10802125,10509763.8437978,9188357.92055921,11038037.0387405,12275648.2732811,8957046.13643917,8884551.44420032,11144313.2008401,8604361.56629987,11567831.9946903,11553428.2477016,8967689.03887527,10807473.0192906
2057,10128372.5478915,8628428.94142101,12339117.9191582,9661692.53821942,9967640.01494229,10453136.1943672,12234684.9464722,9676709.35126495,8640392.97114156,9679214.90689558,8636596.81310109,10180104.6576953,9472916.91853722,11653106.0086766,9899538.48350989,8995109.80783891,10559202.5600662,9224645.95781551,11090413.3758418,12339117.9191582,8986899.52969167,8923287.21152675,11208056.6494817,8628428.94142101,11630456.7413117,11607470.9787246,8997509.70905887,10862980.5105281
2058,10167800.3482247,8648848.72590981,12398432.5357873,9693495.71860258,10008309.7497158,10493826.0295061,12292688.9064462,9708648.10780164,8660605.82987216,9711169.82441727,8656929.22955331,10219821.6497773,9505456.19093942,11712156.8932017,9937025.10086782,9021237.29748288,10604737.8629072,9257267.71225652,11138847.2232667,12398432.5357873,9013162.25907285,8958788.04654909,11268244.7483433,8648848.72590981,11689328.6847244,11657331.1404412,9023734.01014442,10914915.2280309
2059,10203157.4192805,8665183.85216618,12453184.4155064,9721440.35900063,10044829.0353998,10530403.3486281,12345921.6860402,9736727.78458907,8676724.65732952,9739249.22819917,8673160.4289347,10255992.5877873,9534293.4173454,11766945.7899224,9970718.86952647,9043293.89309228,10645632.4666945,9285697.25771307,11183221.5327008,12453184.4155064,9035361.45856421,8990853.49657913,11324371.6071065,8665183.85216618,11743956.1439571,11702818.8109482,9045889.58844114,10963063.7658393
2060,10234636.6295575,8677642.29825888,12503534.1371462,9745712.46138053,10077365.8356789,10563058.7838082,12394534.6763961,9761133.68418822,8688963.94672436,9763640.37852804,8685503.22029433,10288613.7494031,9559731.86057919,11817587.5122381,10000823.215756,9061626.35306305,10682015.9574349,9310203.14959505,11223674.0880514,12503534.1371462,9053840.55860183,9019624.5187822,11376610.6362995,8677642.29825888,11794462.6547403,11744159.2013912,9064321.96696104,11007530.8936368
