1925,774657.988340467,774657.988340467,774657.988340467,774657.988340467,774657.988340467,774657.988340467,774657.988340467,774657.988340467,774657.988340467,774657.988340467,774657.988340467,774657.988340467,774657.988340467,774657.988340467,774657.988340467,774657.988340467,774657.988340467,774657.988340467,774657.988340467,774657.988340467,774657.988340467,774657.988340467,774657.988340467,774657.988340467,774657.988340467,774657.988340467,774657.988340467,774657.988340467
1926,787733.879423537,787733.879423536,787733.879423539,787733.879423537,787733.879423537,787733.879423537,787733.879423538,787733.879423537,787733.879423537,787733.879423537,787733.879423537,787733.879423536,787733.879423536,787733.879423536,787733.879423537,787733.879423538,787733.879423536,787733.879423537,787733.879423537,787733.879423537,787733.879423536,787733.879423538,787733.879423539,787733.879423536,787733.879423537,787733.879423536,787733.879423538,787733.879423537
1927,801607.641306912,801607.641306587,801607.64130719,801607.641306961,801607.641307036,801607.641307131,801607.641307028,801607.641306928,801607.641307065,801607.641307131,801607.641306949,801607.641306662,801607.641306778,801607.641306587,801607.641306778,801607.641307117,801607.641306694,801607.641307109,801607.641306907,801607.641306682,801607.641306754,801607.641307027,801607.64130719,801607.64130672,801607.641306916,801607.641306739,801607.641307041,801607.641306879
1928,816177.231066602,816177.231058996,816177.23107334,816177.231067795,816177.231069757,816177.231071762,816177.231069453,816177.231067226,816177.231070486,816177.23107212,816177.231067752,816177.231060266,816177.231063267,816177.231058996,816177.231062603,816177.231071531,816177.231061316,816177.231071364,816177.231065877,816177.231061767,816177.231062472,816177.231069288,816177.23107334,816177.231062447,816177.231066654,816177.23106244,816177.231069747,816177.231065319
1929,831238.139738399,831238.139671267,831238.139799544,831238.139749522,831238.139768464,831238.139783767,831238.139764494,831238.139746726,831238.139775765,831238.139790782,831238.139751385,831238.139679078,831238.139707934,831238.139671267,831238.13969433,831238.139783277,831238.139690965,831238.13978164,831238.139725904,831238.139700656,831238.139698841,831238.139762099,831238.139799544,831238.139705402,831238.139738053,831238.139700312,831238.139767573,831238.139722202
1930,846565.158039021,846565.157692766,846565.158361147,846565.158099699,846565.158205949,846565.1582693,846565.158176394,846565.158098667,846565.158249206,846565.15832855,846565.158122337,846565.157720155,846565.157879709,846565.157692766,846565.15776163,846565.158276956,846565.157793134,846565.158266495,846565.157939068,846565.157870283,846565.157822905,846565.158160434,846565.158361147,846565.157890817,846565.158030767,846565.157833274,846565.158198134,846565.157927742
1931,861954.82831464,861954.827042258,861954.829517041,861954.828549767,861954.828972624,861954.829137944,861954.828823605,861954.828602421,861954.829156236,861954.829450545,861954.828686535,861954.827112226,861954.827731898,861954.827042258,861954.827098195,861954.829210215,861954.827414484,861954.829161231,861954.82780312,861954.827791417,861954.827490041,861954.828754537,861954.829517041,861954.827860445,861954.828251565,861954.827516202,861954.828936463,861954.827794984
1932,877244.288813401,877244.284670388,877244.292353867,877244.289531343,877244.290860989,877244.291120702,877244.290293709,877244.289870046,877244.291479009,877244.292332718,877244.290102396,877244.285268552,877244.287152864,877244.285107304,877244.284670388,877244.291474965,877244.286219222,877244.291295853,877244.286867118,877244.287574892,877244.286361422,877244.290066002,877244.292353867,877244.287778088,877244.288507427,877244.286343191,877244.290748081,877244.286954885
1933,892316.464017717,892316.452308473,892316.473196506,892316.465855764,892316.469378844,892316.469420207,892316.467627231,892316.467195427,892316.471130764,892316.473196506,892316.467725654,892316.455298377,892316.460087652,892316.454897083,892316.452308473,892316.470673152,892316.457735194,892316.470136188,892316.458025554,892316.461677968,892316.457948221,892316.467002342,892316.472788114,892316.462229296,892316.462897378,892316.457538705,892316.469118153,892316.458550677
1934,907097.82043361,907097.79175161,907097.841434171,907097.824540824,907097.832739751,907097.831442659,907097.828133465,907097.828643139,907097.83708787,907097.841434171,907097.829679328,907097.801772618,907097.812387727,907097.800671798,907097.79175161,907097.835022539,907097.80709588,907097.833651024,907097.804696092,907097.816903648,907097.807381519,907097.826627007,907097.839487937,907097.818299258,907097.817069018,907097.805451097,907097.832289133,907097.806581151
1935,921552.498594611,921552.435842707,921552.54194702,921552.506828686,921552.524065909,921552.518659468,921552.513389833,921552.517418588,921552.53376995,921552.54194702,921552.519186506,921552.462840155,921552.483961727,921552.459823742,921552.435842707,921552.52742272,921552.473043846,921552.524348239,921552.462069276,921552.494684938,921552.47349129,921552.510088886,921552.535947135,921552.497976947,921552.489889795,921552.467227532,921552.523551309,921552.46738908
1936,935675.091200354,935674.965885846,935675.173582812,935675.106305028,935675.139702185,935675.124527647,935675.117347112,935675.130411661,935675.159555428,935675.173582812,935675.133056979,935675.028626233,935675.067145698,935675.020938653,935674.965885846,935675.143584382,935675.046112291,935675.137397044,935675.014406999,935675.089543795,935675.047118973,935675.110627342,935675.158620349,935675.096774452,935675.07116271,935675.030618541,935675.139686277,935675.027270411
1937,949483.362146952,949483.130010645,949483.508401651,949483.387872032,949483.448381281,949483.41324863,949483.405305458,949483.437636665,949483.486156242,949483.508401651,949483.441052199,949483.260654967,949483.326033296,949483.242795549,949483.130010645,949483.450973948,949483.287730896,949483.43959983,949483.213217833,949483.368444729,949483.290404866,949483.392415316,949483.475878306,949483.383273973,949483.320168736,949483.252699271,949483.450295985,949483.241021479
1938,963011.592906115,963011.189069109,963011.838208213,963011.634033781,963011.737685726,963011.66585251,963011.660228898,963011.728990608,963011.805279219,963011.838208213,963011.732554841,963011.438717804,963011.543196322,963011.400758144,963011.189069109,963011.735037081,963011.476699161,963011.715682977,963011.322839853,963011.617463486,963011.483477423,963011.636710514,963011.774251659,963011.646010408,963011.511529302,963011.405991838,963011.744448825,963011.377935183
1939,976304.870850786,976304.204705902,976305.262938351,976304.933098617,976305.102399595,976304.968236947,976304.971006912,976305.102896567,976305.217149209,976305.262938351,976305.105115662,976304.649739123,976304.808362181,976304.575148908,976304.204705902,976305.087314199,976304.697611655,976305.056518967,976304.408095153,976304.930337915,976304.713105288,976304.929930483,976305.146578574,976304.982241477,976304.723028309,976304.566608285,976305.119217244,976304.50988414
1940,989414.413450782,989413.363542117,989415.014822646,989414.503232402,989414.768674304,989414.53511251,989414.556595819,989414.79073169,989414.954803237,989415.014822646,989414.788784101,989414.112512703,989414.342940867,989413.975521453,989413.363542117,989414.729392209,989414.165147761,989414.683217386,989413.657991975,989414.532802859,989414.197198413,989414.48759516,989414.81599933,989414.622491527,989414.159358335,989413.938351837,989414.804011771,989413.835437138
1941,1002393.89726988,1002392.30639692,1002394.78726483,1002394.02130629,1002394.42294543,1002394.038808,1002394.09497793,1002394.4859558,1002394.71308144,1002394.78726483,1002394.47514557,1002393.50719414,1002393.82930583,1002393.26975475,1002392.30639692,1002394.34164664,1002393.55314967,1002394.27602776,1002392.71444052,1002394.11162876,1002393.6140574,1002393.98308792,1002394.46474856,1002394.25977445,1002393.48075842,1002393.18171403,1002394.4896305,1002393.00894555
1942,1015296.69542679,1015294.36618374,1015297.97210952,1015296.86021379,1015297.44927191,1015296.84661275,1015296.96060443,1015297.58159628,1015297.88597954,1015297.97210952,1015297.55472752,1015296.21317338,1015296.6484703,1015295.8216244,1015294.36618374,1015297.30045827,1015296.2321466,1015297.21172479,1015294.90966084,1015297.05202435,1015296.34000924,1015296.7849147,1015297.47142423,1015297.28714451,1015296.0402331,1015295.65142866,1015297.56568095,1015295.37825187
1943,1028173.89847395,1028170.58939647,1028175.68026894,1028174.10962233,1028174.95006227,1028174.04161668,1028174.24527684,1028175.19104474,1028175.58732586,1028175.68026894,1028175.13773508,1028173.33025391,1028173.90109937,1028172.71179865,1028170.58939647,1028174.69887684,1028173.29027793,1028174.58443459,1028171.28723557,1028174.45836355,1028173.47036886,1028173.97742859,1028174.93170033,1028174.81852694,1028172.9043238,1028172.41752899,1028175.14132936,1028172.00595228
1944,1041072.98668723,1041068.40913294,1041075.41371874,1041073.24816103,1041074.41819236,1041073.09504079,1041073.43045824,1041074.82016629,1041075.32278966,1041075.41371874,1041074.72612099,1041072.35111525,1041073.07984439,1041071.41024703,1041068.40913294,1041074.01873882,1041072.20560874,1041073.87789597,1041069.27478391,1041073.826242,1041072.49171421,1041073.0330218,1041074.33048503,1041074.36082923,1041071.52543166,1041070.93788832,1041074.7173774,1041070.34217605
1945,1054037.02715669,1054030.84299811,1054040.26227099,1054037.34044163,1054038.93391567,1054037.06344205,1054037.58440133,1054039.56412495,1054040.18662845,1054040.26227099,1054039.41039581,1054036.35844429,1054037.26639034,1054034.97344792,1054030.84299811,1054038.32763869,1054036.04323065,1054038.16254591,1054031.88161973,1054038.23927034,1054036.47886888,1054037.00917962,1054038.7389194,1054039.01073895,1054034.93907851,1054034.25561879,1054039.38306808,1054033.42223825
1946,1067104.28094705,1067096.10110938,1067108.51040912,1067104.6441843,1067106.77184444,1067104.1960509,1067104.9693574,1067107.71421049,1067108.46846152,1067108.51040912,1067107.47646427,1067103.63200839,1067104.73849063,1067101.65166053,1067096.10110938,1067105.88602614,1067103.06241991,1067105.70269434,1067097.30662667,1067105.97589192,1067103.7018711,1067104.15566517,1067106.42148616,1067107.0614976,1067101.37136241,1067100.60657938,1067107.42290455,1067099.47439967
1947,1080308.12033478,1080297.50416941,1080313.57009584,1080308.52745603,1080311.31801662,1080307.85223434,1080308.95886833,1080312.67469174,1080313.57009584,1080313.55420648,1080312.32251249,1080307.56568955,1080308.88700673,1080304.80626621,1080297.50416941,1080310.06443579,1080306.63386321,1080309.87379074,1080298.85631728,1080310.42625161,1080307.5429517,1080307.83183811,1080310.75323352,1080311.91968154,1080304.15659604,1080303.33698263,1080312.23350544,1080301.83770821
1948,1093677.17155348,1093663.62700295,1093684.14785401,1093677.6114518,1093681.21248621,1093676.64450171,1093678.18056829,1093683.10514737,1093684.14785401,1093684.04377218,1093682.60139463,1093676.80992925,1093678.35839756,1093673.05260942,1093663.62700295,1093679.4862768,1093675.38238677,1093679.30520935,1093665.08846685,1093680.23456647,1093676.63897132,1093676.64953255,1093680.36254157,1093682.24744657,1093671.88053675,1093671.04651508,1093682.4659463,1093669.10532516
1949,1107235.61333359,1107218.59781589,1107244.4107069,1107236.06910071,1107240.64772731,1107234.73732355,1107236.81477711,1107243.21857801,1107244.4107069,1107244.1815198,1107242.51882039,1107235.5698914,1107237.35295999,1107230.55862347,1107218.59781589,1107238.32646151,1107233.48547775,1107238.17883412,1107220.11156821,1107239.59730148,1107235.17962268,1107234.77177143,1107239.42971148,1107242.26054654,1107228.67946888,1107227.88724245,1107242.32389016,1107225.42359857
1950,1121003.57512862,1120982.49704844,1121014.5181168,1121004.02338429,1121009.76674631,1121002.24564133,1121004.99277342,1121013.17920879,1121014.5181168,1121014.12015755,1121012.23124836,1121004.00325851,1121006.02272827,1120997.44313292,1120982.49704844,1121006.70975632,1121001.0714926,1121006.62733097,1120983.98396319,1121008.66105715,1121003.30530963,1121002.31119959,1121008.085263,1121012.12604059,1120994.63900484,1120993.96217892,1121011.96141554,1120990.89075819
1951,1135102.53522451,1135076.75422486,1135115.97872754,1135102.9455891,1135110.06162156,1135100.6331279,1135104.19505922,1135114.50101565,1135115.97872754,1135115.36148984,1135113.24442964,1135103.61794206,1135105.86946672,1135095.17351575,1135076.75422486,1135106.10929532,1135099.61754479,1135106.13255339,1135078.1111385,1135108.92081343,1135102.50490725,1135100.72830274,1135107.80850166,1135113.36064404,1135091.192002,1135090.72289191,1135112.88146556,1135086.95434223
1952,1149625.29031697,1149594.11843477,1149641.6194131,1149625.62493363,1149634.34284914,1149622.68193116,1149627.22090306,1149640.01680778,1149641.6194131,1149640.7255653,1149638.38257489,1149627.2414359,1149629.71400918,1149616.53553543,1149594.11843477,1149629.31613448,1149621.91918831,1149629.49503143,1149595.2163395,1149633.18919912,1149625.58515748,1149622.8011317,1149631.3969813,1149638.79981255,1149611.08872067,1149610.93954685,1149637.90493353,1149606.38135401
1953,1164592.94522639,1164555.64850756,1164612.5746975,1164593.15833819,1164603.72895331,1164589.4825123,1164595.17804338,1164610.86765661,1164612.5746975,1164611.34018207,1164608.77784743,1164596.0103402,1164598.68580051,1164582.62318844,1164555.64850756,1164597.42899713,1164589.08019286,1164597.82365281,1164556.33089283,1164602.58601556,1164593.66021969,1164589.61513046,1164599.95618699,1164609.5871581,1164575.38691475,1164575.69088339,1164608.16006835,1164570.24827929
1954,1180030.63489325,1179986.43363973,1180054.00939772,1180030.67252194,1180043.36890804,1180026.15564576,1180033.20478566,1180052.22542303,1180054.00939772,1180052.36358188,1180049.59288113,1180035.09218767,1180037.94491938,1180018.56030897,1179986.43363973,1180035.57657461,1180026.23438636,1180036.25787933,1179986.51513838,1180042.26049104,1180031.87349379,1180026.2851506,1180038.62188553,1180050.89687562,1180009.17345057,1180010.08564353,1180048.80488666,1180003.66227419
1955,1195967.84291308,1195915.17700914,1195995.43719711,1195967.64262258,1195982.76074956,1195962.17102764,1195970.78855043,1195993.61127869,1195995.43719711,1195993.30309596,1195990.33935359,1195974.00376887,1195977.0004937,1195953.81905897,1195915.91172259,1195973.23619593,1195962.86417748,1195974.28632399,1195915.17700914,1195981.70980595,1195969.71601579,1195962.27409127,1195976.87876278,1195992.25222588,1195941.88298062,1195943.58107363,1195989.34566401,1195936.07958074
1956,1212437.97808754,1212375.64877535,1212470.29715882,1212437.4688322,1212455.328156,1212430.92390247,1212441.34241932,1212468.47216903,1212470.29715882,1212467.59173,1212464.4545126,1212446.18746481,1212449.28711131,1212421.79648137,1212377.44582872,1212443.81049014,1212432.37711213,1212445.32331489,1212375.64877535,1212454.35561098,1212440.60289261,1212430.96957327,1212448.13704108,1212467.10197112,1212406.87470371,1212409.55950903,1212463.21339221,1212400.8820353
1957,1229477.67143696,1229404.48427671,1229515.25068369,1229476.77348923,1229497.71746907,1229469.03213668,1229481.50213087,1229513.47772292,1229515.25068369,1229511.88518472,1229508.59815015,1229488.30806005,1229491.46169974,1229459.11153357,1229407.62119902,1229483.92449059,1229471.40289946,1229486.00590338,1229404.48427671,1229496.8410139,1229481.17023083,1229468.98107252,1229489.02953626,1229512.11726738,1229440.72959002,1229444.62543482,1229507.06069614,1229434.67405219
1958,1247126.04578308,1247040.72868184,1247169.45105433,1247124.67073109,1247149.06728331,1247115.60583875,1247130.39563937,1247167.78975198,1247169.45105433,1247165.33144898,1247161.9221599,1247139.52216153,1247142.67300067,1247104.87469359,1247045.51478203,1247132.69529178,1247119.06301079,1247135.46343314,1247040.72868184,1247148.30015919,1247130.54467201,1247115.40960953,1247138.68127119,1247166.46115569,1247082.52014061,1247087.87510249,1247160.03134555,1247076.55215762
1959,1265424.08391602,1265325.28675225,1265473.91159646,1265422.13471893,1265450.37662583,1265411.61553608,1265429.01125401,1265472.43037173,1265473.91159646,1265468.93899429,1265465.4387064,1265440.84624692,1265443.92966248,1265400.05614372,1265332.06331149,1265431.1002736,1265416.33886159,1265434.68568912,1265325.28675225,1265449.72642131,1265429.71154914,1265411.21600097,1265438.0776642,1265471.15668337,1265373.17867363,1265380.26470148,1265463.12838921,1265367.47307239
1960,1284414.14767045,1284300.44191953,1284471.02478961,1284411.51875784,1284444.02405548,1284399.41123308,1284419.71668582,1284469.80107799,1284471.02478961,1284465.09590202,1284461.53933662,1284434.67567178,1284437.61928012,1284387.0048518,1284309.58223669,1284421.49621852,1284405.59089982,1284426.04195459,1284300.44191953,1284443.49153764,1284421.03398692,1284398.7399945,1284429.58362034,1284468.60598756,1284355.01645277,1284364.1294047,1284458.73324168,1284349.77266388
1961,1304139.6231322,1304009.50142008,1304204.20753753,1304136.20053469,1304173.41289846,1304122.36757763,1304145.90422443,1304203.32798861,1304204.20753753,1304197.21513596,1304193.64024564,1304164.42984935,1304167.1535972,1304109.09377481,1304021.41074667,1304147.26454381,1304130.20382179,1304152.92619747,1304009.50142008,1304172.99089446,1304147.89816142,1304121.34551167,1304156.58874615,1304202.23554982,1304071.36889166,1304082.82851856,1304190.25093469,1304066.81100255
1962,1324644.08422803,1324495.96019351,1324717.06464795,1324639.7457559,1324682.13476953,1324624.0474617,1324651.15427626,1324716.6252793,1324717.06464795,1324708.89803969,1324705.34576877,1324673.71571368,1324676.13199908,1324609.88352253,1324511.0754885,1324651.97490605,1324633.75018605,1324658.92060191,1324495.96019351,1324681.807118,1324653.87693472,1324622.58434393,1324662.67090844,1324715.65964509,1324565.75935094,1324579.90916854,1324701.27363175,1324562.13598892
1963,1345969.75157749,1345801.96063388,1346051.95358836,1345964.36707918,1346012.428211,1345946.66096963,1345977.69413332,1346051.95358836,1346051.84730847,1346042.39285906,1346038.90689612,1346004.78627486,1346006.80011626,1345931.58139886,1345820.7500146,1345977.84406161,1345958.44931137,1345986.25430724,1345801.96063388,1346012.16880567,1345981.18872761,1345944.65522608,1345990.05500289,1346051.13875724,1345880.35853141,1345897.56547991,1346034.03921711,1345877.9425255
1964,1368156.71079833,1367967.51131823,1368249.43810866,1368150.14246117,1368204.39688621,1368130.28370009,1368165.61621752,1368249.43810866,1368248.67122736,1368237.81289033,1368234.43942355,1368197.75878647,1368199.26801805,1368114.25980607,1367990.47333321,1368164.95416775,1368144.38560585,1368175.02163737,1367967.51131823,1368204.16881881,1368169.91589677,1368127.6222608,1368178.83120491,1368248.79768864,1368055.20303578,1368075.85702612,1368228.64951021,1368054.29092827
1965,1391242.98437022,1391030.55869375,1391347.14053373,1391235.0870168,1391296.08146199,1391212.92854966,1391252.94991387,1391347.14053373,1391345.58859715,1391333.20840594,1391329.99589385,1391290.68667073,1391291.58213547,1391195.92809342,1391058.22157836,1391251.32462835,1391229.58042787,1391263.25393827,1391030.55869375,1391295.83626256,1391258.07672286,1391209.48677107,1391267.0268175,1391346.69753066,1391128.26713099,1391152.78060327,1391323.14224632,1391129.17863118
1966,1415265.05568183,1415027.51060174,1415381.5833584,1415255.67703165,1415323.98374834,1415231.06962513,1415276.1856069,1415381.5833584,1415379.11239095,1415365.09088631,1415362.08985296,1415320.08374898,1415320.24946982,1415213.05652348,1415060.43162116,1415273.43611161,1415250.51611509,1415287.44362869,1415027.51060174,1415323.66071759,1415282.14960901,1415226.71125548,1415291.13032308,1415381.35999211,1415135.98648272,1415164.7940568,1415354.01535729,1415139.06393044
1967,1440258.58961634,1439993.95616133,1440388.48835605,1440247.57049374,1440323.78741379,1440220.36266794,1440270.99526881,1440388.4708069,1440384.93727105,1440369.15385007,1440366.41671054,1440321.64508013,1440320.9583957,1440201.29674316,1440032.72110677,1440266.95109753,1440242.85654431,1440283.26480691,1439993.95616133,1440323.31303939,1440277.79382725,1440214.93983547,1440286.8119835,1440388.48835605,1440113.97831525,1440147.5365818,1440356.94784744,1440119.58620378
1968,1466259.1998059,1465965.4322459,1466403.73514318,1466246.3742827,1466331.12538474,1466216.41213871,1466272.99972517,1466403.45646821,1466398.7071941,1466381.04037498,1466378.62129525,1466331.01450363,1466329.34615964,1466196.24890896,1466010.65512432,1466267.48108786,1466242.21435686,1466286.34053607,1465965.4322459,1466330.41283117,1466280.61693169,1466209.7653461,1466289.6911121,1466403.73514318,1466097.80818807,1466136.59566806,1466367.56735762,1466106.33278246
1969,1493303.17968805,1492978.15374662,1493463.43358389,1493288.37515445,1493382.31104945,1493255.50210596,1493318.49972905,1493462.87474203,1493456.74681924,1493437.07442156,1493435.02921466,1493384.51599943,1493381.73018968,1493234.192611,1493030.47668729,1493311.31761419,1493284.88198583,1493332.9739372,1492978.15374662,1493381.25970941,1493326.90596411,1493247.46021715,1493336.06714826,1493463.43358389,1493123.72055922,1493168.23784644,1493422.18152864,1493135.56963658
1970,1521428.15631352,1521069.66660647,1521605.25183082,1521411.19347411,1521514.99220946,1521375.24989427,1521445.12979123,1521604.39502775,1521596.71565357,1521574.91489692,1521573.30095632,1521519.80780083,1521515.76215413,1521352.74055101,1521129.75999674,1521436.08599511,1521408.48543569,1521460.80203661,1521069.66660647,1521513.48730355,1521454.28139671,1521365.63010186,1521463.57348213,1521605.25183082,1521229.29210622,1521280.06219889,1521558.43210059,1521244.89483697
1971,1550673.65137847,1550279.40811503,1550868.75437634,1550654.34417235,1550768.71224875,1550615.1669684,1550692.41923881,1550867.58312139,1550858.16940151,1550834.11692734,1550832.99319742,1550776.44372615,1550770.98923698,1550591.39945043,1550347.97097024,1550681.30631765,1550652.54528863,1550709.35684005,1550279.40811503,1550766.62445968,1550702.25828246,1550603.77473123,1550711.73850281,1550868.75437634,1550453.99228912,1550511.56111146,1550815.85621505,1550473.79927238
1972,1581081.54900707,1580649.17399614,1581295.8701975,1581059.70445263,1581185.37804602,1581017.12658035,1581102.26002742,1581294.36934315,1581283.02804148,1581256.59986434,1581256.02684702,1581196.34125078,1581189.32215257,1580992.03771552,1580726.93456406,1581088.8611699,1581058.94446357,1581120.53315869,1580649.17399614,1581182.56317298,1581112.71413769,1581003.75552234,1581122.45339611,1581295.8701975,1580839.65068672,1580904.58779764,1581236.35444358,1580864.13414853
1973,1612696.4781928,1612223.50019656,1612931.27553692,1612671.89615852,1612809.64253918,1612625.74608777,1612719.28921539,1612929.43130417,1612915.95853949,1612887.0299342,1612887.06973033,1612824.16422644,1612815.41780705,1612599.26776745,1612311.21679361,1612703.37803466,1612672.31063667,1612738.97109571,1612223.50019656,1612805.94115848,1612730.27146521,1612610.17785017,1612740.354601,1612931.27553692,1612430.83901518,1612503.73850007,1612864.57345108,1612460.49317474
1974,1645566.12199865,1645049.97147145,1645822.70342223,1645538.59490185,1645689.21404385,1645488.69604309,1645591.19819948,1645820.50341495,1645804.68430232,1645773.12963368,1645773.84601742,1645707.63234757,1645696.98870732,1645460.75513701,1645148.43354651,1645572.5384448,1645540.32542309,1645612.36529354,1645049.97147145,1645684.45116193,1645602.60701858,1645470.70008339,1645613.13302588,1645822.70342223,1645275.17992792,1645356.6614682,1645748.21539589,1645310.52153426
1975,1679741.46722742,1679179.47047119,1680021.19363847,1679710.77966319,1679875.10603885,1679656.94976325,1679768.98242366,1680018.62684964,1680000.23508518,1679965.92758669,1679967.38611096,1679897.77107696,1679885.05282944,1679627.46803345,1679289.49989204,1679747.32761239,1679713.97403134,1679791.71465356,1679179.47047119,1679869.09072465,1679780.70151979,1679636.28309476,1679791.78373655,1680021.19363847,1679423.59630483,1679514.30642005,1679938.28778029,1679465.16534435
1976,1715277.00834487,1714666.38110447,1715581.2969403,1715242.93664735,1715421.84120338,1715184.98716104,1715307.14534318,1715578.353753,1715557.15114046,1715519.96264802,1715522.23077899,1715449.11581489,1715434.13773119,1715153.88116913,1714788.83366182,1715282.23831445,1715247.74917241,1715331.52631098,1714666.38110447,1715414.3661876,1715319.04361431,1715161.39402822,1715330.80989919,1715581.2969403,1714930.51480948,1715031.12826714,1715489.30753727,1714978.87538337
1977,1752230.91863958,1751568.75915326,1752561.24649231,1752193.23037773,1752387.6226917,1752130.96582043,1752263.86962815,1752557.91867785,1752533.65459577,1752493.45524193,1752496.60252056,1752419.88329755,1752402.45189455,1752098.14682238,1751704.52627794,1752235.44201961,1752199.8222075,1752289.98684945,1751568.75915326,1752378.46392153,1752275.80104922,1752104.17730532,1752288.39396317,1752561.24649231,1751854.03669398,1751965.25808312,1752459.47234074,1751909.7780638
1978,1790665.20035972,1789948.48187112,1791023.10828185,1790623.65376944,1790834.48438736,1790556.87105393,1790701.16734639,1791019.38899713,1790991.79980547,1790948.45767893,1790952.55590766,1790872.12196726,1790852.0350402,1790522.24487705,1790098.49256112,1790668.93899556,1790632.19327401,1790729.11249557,1789948.48187112,1790823.40052599,1790712.9708159,1790526.60460995,1790726.54782392,1791023.10828185,1790256.08758668,1790378.65305216,1790910.81088246,1790319.8253859
1979,1830645.8241437,1829871.38687395,1831032.92082578,1830600.16749785,1830828.43045567,1830528.6552576,1830685.01944282,1831028.80461192,1830997.61299668,1830950.99377124,1830956.11722432,1830871.85163396,1830848.89773361,1830492.12215481,1830036.60982892,1830648.69771442,1830610.83070669,1830714.8886108,1829871.38687395,1830815.16231701,1830696.51857643,1830494.61416716,1830711.25228365,1831032.92082578,1830202.55657522,1830337.23571115,1830909.32243627,1830274.93418465
1980,1872235.74786801,1871400.34150174,1872653.71981033,1872185.70442195,1872432.44058668,1872109.29797929,1872278.4488646,1872649.18119266,1872614.11698363,1872564.06225539,1872570.30930603,1872482.0681061,1872455.99972035,1872070.71313614,1871581.77043031,1872237.6414501,1872198.67833251,1872310.29761813,1871400.34150174,1872416.75065317,1872289.3651264,1872071.12029129,1872305.43030864,1872653.71981033,1871756.3177317,1871903.96520697,1872517.96268173,1871837.99300428
1981,1915382.43909265,1914488.90697126,1915833.76841406,1915326.46935029,1915591.89841529,1915250.49333991,1915435.97730227,1915826.7774061,1915789.56548222,1915733.90963525,1915743.38701127,1915648.62543569,1915615.85252277,1915205.82262154,1914685.51686126,1915378.83584074,1915342.01123828,1915462.29175065,1914488.90697126,1915579.88430563,1915434.57295749,1915202.16944844,1915451.40112275,1915833.76841406,1914865.13830062,1915032.92919656,1915679.81125877,1914954.9611272
1982,1960176.74840827,1959236.22078312,1960664.54794049,1960114.83752411,1960392.85966908,1960041.58484282,1960257.81166757,1960654.05427636,1960615.4274339,1960552.97885091,1960566.81758269,1960462.54550236,1960414.49561864,1959989.92666663,1959443.97933701,1960156.88438967,1960131.01132239,1960246.659323,1959236.22078312,1960404.74334671,1960216.74749089,1959974.92821386,1960236.59330054,1960664.54794049,1959621.43676891,1959825.00554996,1960479.50388998,1959717.10891513
1983,2006673.18252926,2005704.82327452,2007200.99385201,2006612.56220311,2006883.60491144,2006520.52749315,2006806.21299634,2007192.84980436,2007146.62524957,2007083.08981288,2007095.52256383,2006984.71585136,2006907.07962669,2006482.16464454,2005915.97993954,2006621.89069534,2006620.13439448,2006665.40016677,2005704.82327452,2006959.91342244,2006685.9959748,2006437.29763307,2006718.6510305,2007200.99385201,2006084.29437556,2006346.85675508,2006967.17536739,2006185.2011928
1984,2054903.86437336,2053942.39452469,2055492.41424523,2054868.81100367,2055085.70319179,2054679.07385943,2055126.73230326,2055492.41424523,2055416.41500679,2055373.47481257,2055362.75723207,2055263.82979672,2055131.04844055,2054726.0414935,2054141.77065718,2054799.72453252,2054840.59960648,2054619.52196485,2053942.39452469,2055306.07766766,2054868.1987449,2054608.5111269,2054938.83072587,2055476.37547447,2054297.16096418,2054655.36481055,2055168.7236309,2054407.05351735
1985,2104872.32068009,2103868.17847979,2105590.80253271,2104921.55395654,2104984.73746891,2104437.10563893,2105240.26051364,2105590.80253271,2105428.53036057,2105462.1706566,2105372.25616235,2105339.05114492,2105106.09169398,2104747.25588629,2104135.94112632,2104685.50646469,2104792.07709773,2103868.17847979,2103976.47302385,2105497.22288903,2104758.49925546,2104467.64613794,2104922.01489347,2105494.4418911,2104285.6787375,2104796.34762656,2105079.29533922,2104418.87802414
1986,2156016.8679701,2153518.58436999,2157050.80183541,2156266.38683545,2155986.16806081,2155096.52850787,2156603.25563117,2156983.56218436,2156614.31473056,2156844.73203152,2156555.38020638,2156710.30578035,2156300.07589123,2156019.13263054,2155347.39314916,2155700.99514392,2155901.2307171,2153518.58436999,2155277.78207393,2157050.80183541,2155778.68466946,2155406.71102695,2156142.71798111,2156686.54399089,2155523.20527503,2156272.39896123,2156120.58939281,2155714.2181753
1987,2207825.90199335,2202709.14205617,2209567.48079765,2208473.79026572,2207520.95433621,2205973.27343044,2208720.4830902,2209241.12847855,2208438.14444556,2209091.60386214,2208376.52791836,2208957.10786454,2208242.6108698,2208077.39291781,2207268.82587416,2207298.4790897,2207634.13831571,2202709.14205617,2207373.90344278,2209567.48079765,2207381.10162183,2206833.90254581,2208139.4274805,2208517.06827468,2207545.49168183,2208659.63530859,2207744.82876325,2207861.10710191
1988,2260065.68828656,2250888.88125979,2262960.21683047,2261414.65536567,2259267.80776239,2256663.27275677,2261377.19883508,2262234.41088918,2260616.90919901,2262073.69796897,2260552.61121882,2261964.96694117,2260746.52783395,2260746.65638266,2259661.71318539,2259175.82467338,2259728.99346703,2250888.88125979,2260078.20279073,2262960.21683047,2259263.71838185,2258395.63433916,2260738.33939967,2260702.92070736,2260177.14253986,2261834.47476364,2259649.84076492,2260727.5889071
1989,2312414.88093749,2297486.53305323,2317084.31907001,2314885.93911384,2310790.81758949,2306713.31145862,2314285.66747483,2315760.3508569,2312752.80535342,2315587.97031039,2312685.85622476,2315550.21848056,2313530.59374475,2313773.1996565,2312193.41112912,2310902.367884,2311841.17647474,2297486.53305323,2313128.72125436,2317084.31907001,2310996.00705681,2309615.73185353,2313680.01931564,2312846.30698415,2313164.44079284,2315603.84875685,2311404.88589043,2314107.52365757
1990,2364466.77109302,2341938.66355612,2371729.28113136,2368597.42664874,2361553.15804039,2355646.6080938,2367100.66567461,2369528.66822831,2364342.08173763,2369344.17224463,2364272.54651918,2369443.56200428,2366206.31468412,2366825.34552428,2364445.5183717,2361921.91905657,2363554.40865281,2341938.66355612,2366194.94269148,2371729.28113136,2362021.93998645,2359910.22081804,2366610.80900643,2364443.47123381,2366175.74877859,2369700.59455469,2362453.65174746,2367707.55833992
1991,2415741.69468627,2383716.80095437,2426617.12102995,2422165.68010345,2410945.4082118,2402987.2565895,2419439.25628074,2423155.79258629,2414798.90269572,2422958.78661268,2414726.88410349,2423278.51456208,2418276.50678864,2419504.42389147,2415932.45973949,2411576.90254768,2414396.5254415,2383716.80095437,2418891.91483604,2426617.12102995,2411684.11727614,2408615.57172672,2419084.20880543,2414908.55486665,2418812.48104602,2423788.37605803,2412138.38404364,2421141.53635923
1992,2465706.84097063,2422350.42576877,2481407.32972833,2475116.98557932,2458321.37884623,2448282.68643514,2470900.18051993,2476167.79393932,2463487.08105548,2475957.96235156,2463412.72236198,2476588.19501811,2469147.75010297,2471363.06190243,2466125.29678245,2459147.15060767,2463857.89644031,2422350.42576877,2470798.04390527,2481407.32972833,2459262.54869337,2455024.63824259,2470571.94368024,2463605.32992764,2470627.40366311,2477474.27006833,2459738.68278465,2473934.26586046
1993,2513800.50878736,2457444.98825456,2535707.25409702,2526899.43967724,2503035.74539049,2491122.19263863,2521081.74672069,2528012.45778745,2509754.48936229,2527789.59193748,2509677.97949463,2528812.85122423,2518155.43099614,2521926.76387786,2514477.41615476,2503895.08704409,2511411.49784513,2457444.98825456,2521474.3104185,2535707.25409702,2504019.83024477,2498425.66552088,2520482.84781703,2509881.61507569,2521146.21922757,2530325.86907939,2504516.69777533,2525534.73202212
1994,2559458.23331823,2488694.64902603,2589086.23818927,2576902.86318468,2544479.39913922,2531150.575951,2569597.91525964,2578079.19504903,2552967.20426535,2577843.22163633,2552888.78677011,2579318.41716801,2564597.51817299,2570715.63388676,2560449.80392913,2545111.01565999,2556533.71324945,2488694.64902603,2570483.22753646,2589086.23818927,2545246.43218391,2538140.34962737,2568187.15122752,2553103.42842985,2569889.28878897,2581890.2565658,2545762.42953192,2575337.11852707
1995,2602138.36646065,2515888.54702397,2641091.980951,2624484.31864616,2582109.4505905,2568076.98588314,2616092.17168786,2625724.56519493,2592540.82669186,2625475.57263215,2592460.81347774,2627424.11156884,2607772.18835482,2617264.20951902,2603533.99821109,2582153.65554218,2598725.04887374,2515888.54702397,2617406.1601294,2641091.980951,2582301.20774284,2573557.47581312,2613043.75656979,2592686.31903023,2616391.46377264,2631713.05419761,2582834.26726496,2622707.01214655
1996,2641355.51431761,2538919.95001717,2691275.42544256,2669008.15289958,2615485.27061674,2601688.18009669,2660255.08909412,2670312.34262564,2627974.30372333,2670050.60057097,2627893.09319681,2672448.75425787,2647029.00206355,2661147.10808267,2643279.71929493,2614496.16118586,2637537.65770325,2538919.95001717,2661862.45992252,2691275.42544256,2614657.37940437,2604175.65070877,2654443.94449883,2628129.2020666,2660227.72685061,2679362.68791043,2615205.03077806,2667022.96492829
1997,2676768.12015581,2557838.86175029,2739260.25727726,2709952.75520682,2644368.13484641,2631907.02756888,2701873.05760828,2711320.35822594,2658919.65953042,2711046.31443431,2658837.75637032,2713835.09037454,2681894.84691415,2702050.67598043,2679363.46490757,2641837.21663793,2672643.36734919,2557838.86175029,2703550.23592582,2739260.25727726,2642013.58225953,2629722.54887263,2691944.10658973,2659084.10651421,2701084.79006032,2724488.80024032,2642573.12518379,2707792.86326624
1998,2708203.996721,2572844.58022377,2784774.23038557,2746956.84700147,2668736.54922665,2658794.29087153,2740840.7869742,2748386.83928796,2685200.1296174,2748101.10471163,2685118.16452996,2751205.30431067,2712115.38656786,2739795.40273284,2711606.41460588,2664119.24581988,2703859.13086063,2572844.58022377,2742260.48903681,2784774.23038557,2664312.01578309,2650171.89164572,2725315.06697168,2685374.31751081,2738783.45914804,2766845.03393712,2664880.77288506,2744702.46337882
1999,2735646.90011806,2584250.65543669,2827651.88028866,2779821.07661521,2688755.09430725,2682523.57162965,2777152.63081419,2781312.02692246,2706796.54256039,2781015.35625148,2706715.28875551,2784363.46883226,2737640.73583382,2774326.79423591,2739963.67567426,2681493.11388276,2731142.73298978,2584250.65543669,2777874.70789128,2827651.88028866,2681703.23095595,2665708.22336932,2754530.79517854,2706980.75788821,2773269.47172029,2806288.10402647,2682278.72871913,2777613.83817211
2000,2759230.78135846,2592462.80950551,2867842.21080927,2808515.72047634,2704755.88425592,2703368.45864554,2810899.07633205,2810065.90451503,2723836.83258702,2809759.17039734,2723757.21551255,2813304.96466794,2758619.99599376,2805713.97759822,2764520.65313762,2694294.04130932,2754590.70699742,2592462.80950551,2810365.40518302,2867842.21080927,2694522.1327309,2676707.92250486,2779767.54644772,2724031.49577792,2804612.07173567,2842781.09136267,2695102.21210908,2806572.03336891
2001,2780143.80551913,2598815.54152821,2906381.15117642,2834109.19582751,2718099.00472396,2722592.73435498,2843212.12584765,2835717.11075628,2737481.59233932,2835401.20686394,2737404.66968567,2839143.37137052,2776286.12789501,2835087.44341842,2786417.42569394,2703887.86348883,2775351.27437184,2598815.54152821,2840749.66199043,2906381.15117642,2704134.38691418,2684584.12359405,2802302.79297604,2737687.33528168,2833941.46160737,2877357.10246262,2704717.35388732,2832733.07992197
2002,2799279.6644294,2604303.16399307,2944029.67359575,2857391.1744516,2729822.1037667,2741142.33343855,2874938.57052458,2859055.45527864,2748608.04067097,2858731.32496602,2748535.01699122,2862718.4936534,2791574.83420684,2863287.90415378,2806513.61055178,2711314.65370513,2794295.13778007,2604303.16399307,2869773.56560133,2944029.67359575,2711579.9873891,2690425.5062136,2823110.80147667,2748825.71357463,2862098.10398048,2910776.90351856,2712164.4820874,2856975.05516519
2003,2816842.19419376,2609227.85481636,2980847.98614583,2878466.99837735,2740261.37880704,2759262.21271398,2906228.5559783,2880186.15582516,2757427.62062902,2879854.84824764,2757359.85142067,2884184.74097536,2804731.92632592,2890456.06200472,2824985.99372336,2716913.49215806,2811617.59413752,2609227.85481636,2897501.31718664,2980847.98614583,2717197.96063925,2694623.36171936,2842460.20601391,2757658.25366611,2889222.64971223,2943109.30863165,2717782.78463369,2879485.74035495
2004,2833170.21441894,2613986.97581759,3017017.34158538,2897598.60568415,2749869.97799398,2777286.49258524,2937339.17421821,2899371.19225579,2764315.2559886,2899033.81167127,2764254.16964836,2903850.91255881,2816151.68864732,2916854.67013382,2842141.9511677,2721159.19009967,2827667.48935113,2613986.97581759,2924129.44305949,3017017.34158538,2721463.08252527,2697682.72004017,2860752.21780226,2764560.01481068,2915577.72328444,2974548.70072848,2722047.25295579,2900595.30585997
2005,2849042.31741725,2619360.29778946,3053084.57739503,2915523.4544563,2759530.30367087,2795882.49469224,2968867.24503741,2917348.5445848,2770154.03616992,2917006.07869916,2770100.98612094,2922499.99356054,2826716.94039809,2943141.5192129,2858690.66125338,2725022.74098709,2843267.83947496,2619360.29778946,2950252.58799234,3053084.57739503,2725346.21623341,2700525.17924466,2878833.54830253,2770414.14489078,2941820.72009418,3005665.59756008,2725929.26755326,2921072.96005688
2006,2865562.00373212,2626378.84225449,3089890.27326657,2933351.22372708,2770418.62886814,2815944.72107688,3001663.28111516,2935228.84057552,2776199.09850841,2934881.98370211,2776155.19380698,2941282.27690235,2837671.0665722,2970279.43274644,2875640.71425713,2729817.80301263,2859596.11436207,2626378.84225449,2976784.99344866,3089890.27326657,2730160.79557854,2704346.38498198,2897875.45110016,2776475.71397745,2968913.87446247,3037329.54895328,2730743.0112828,2942020.82476358
2007,2883779.5893612,2635966.16313138,3128278.45241896,2952175.5929071,2783610.23465033,2838289.52450679,3036544.79362452,2954106.78794576,2783642.76834774,2953755.87098066,2783608.75955627,2961320.57295046,2850193.89320866,2999207.85165492,2893960.91017412,2736746.79976527,2877784.48859932,2635966.16313138,3004643.54745842,3128278.45241896,2737108.99642917,2710222.729838,2918983.44485592,2783936.84811857,2997796.07746693,3070408.56540299,2737691.38281185,2964504.67722591
2008,2904332.84901348,2648627.57837244,3168799.59030762,2972685.52075268,2799724.79598222,2863384.92399484,3074022.51970491,2974672.07265933,2793204.84897761,2974317.13746724,2793181.13175955,2983318.06389722,2864997.1434822,3030518.32984326,2914257.23179966,2746491.16012525,2898534.9840494,2648627.57837244,3034424.35700342,3168799.59030762,2746872.05603641,2718768.49674484,2942827.83004004,2793517.08164384,3029058.59474328,3105465.47275871,2747456.07322836,2989194.22996264
2009,2927041.05918456,2664113.84986723,3211359.78186949,2994715.66651554,2818536.22581889,2891052.91144305,3113988.70344851,2996759.28778051,2804676.69071139,2996400.35362104,2804663.47286416,3007104.11358701,2881866.32202826,3064078.63826681,2936407.82789522,2758761.57771367,2921684.73863404,2664113.84986723,3066023.62274312,3211359.78186949,2759160.63701289,2729767.16428467,2969227.3553981,2805007.53497459,3062569.42374237,3142402.62178801,2759747.65485219,3015950.30275311
2010,2951574.90121568,2682057.45889943,3255742.60377645,3017936.8923915,2839673.13119048,2921012.61642953,3156223.54758765,3020039.08128248,2817681.35749704,3019676.18115996,2817678.66416775,3032342.9648818,2900414.37794321,3099618.54703172,2960154.43721553,2773102.21708858,2946915.6606639,2682057.45889943,3099196.41817451,3255742.60377645,2773518.84080582,2742867.95697909,2997846.58284833,2818031.02580131,3098058.63602908,3180994.63998011,2774110.09792549,3044478.59264123
2011,2978298.02111868,2702723.56750942,3302295.41314476,3042750.31342363,2863476.62321698,2953536.6294398,3201038.4707352,3044913.06946034,2832623.96819293,3044545.96271818,2832631.39708961,3059445.17072481,2921038.33827007,3137476.48038681,2985859.014859,2789871.63529585,2974638.87561642,2702723.56750942,3134293.86872152,3302295.41314476,2790304.90721959,2758404.88753994,3029055.88831598,2832992.28692911,3135864.51882351,3221590.53317905,2790902.07108754,3075176.63606703
2012,3005705.54487002,2724779.69643536,3349720.71282079,3067508.09226331,2888443.74924094,2987510.42193776,3247318.24058292,3069731.67131214,2847854.46289093,3069360.65644998,2847871.68300253,3086741.52093796,2942000.71152905,3176252.88575546,3012245.07456097,2807344.27926016,3003172.7680061,2724779.69643536,3169994.92000895,3349720.71282079,2807793.30216113,2775020.81804702,3061264.84618084,2848241.14211567,3174588.82251216,3262935.75086503,2808397.30852825,3106545.08434514
2013,3034069.03184497,2748436.44444888,3398298.6003883,3092537.47453884,2914803.18272562,3023078.44333699,3295305.81199215,3094822.67181699,2863681.37019918,3094447.69525828,2863707.46797538,3114464.71498256,2963576.03894977,3216245.12507879,3039564.3401415,2825775.32252672,3032849.12424086,2748436.44444888,3206576.64927586,3398298.6003883,2826238.75938925,2792893.63521898,3094791.58161351,2864085.54638217,3214528.74140771,3305303.79537095,2826851.0209862,3138862.23787895
2014,3064565.16677454,2774675.44856319,3449114.15771256,3119169.16986396,2943673.87413128,3061057.73619366,3345938.89789832,3121518.39315708,2881404.86824932,3121138.63605405,2881438.08423072,3143859.30667113,2987060.85993743,3258590.67957624,3068852.45348245,2846435.51128109,3064994.07068102,2774675.44856319,3245109.72399478,3449114.15771256,2846911.393627,2813026.14199215,3130891.21878387,2881824.93737649,3256820.93330996,3349751.31234276,2847534.39682645,3173336.9634265
2015,3097948.75061334,2804118.95214338,3502888.96207416,3148244.44906008,2975743.39478031,3102008.2156741,3399815.5144165,3150661.15675988,2901828.84272906,3150275.24082032,2901866.74189077,3175801.23810438,3013286.53663933,3304038.98118817,3100796.8718771,2870103.05653242,3100455.64786843,2804118.95214338,3286323.78989196,3502888.96207416,2870588.89028152,2836109.18941155,3170371.18336239,2902262.56035208,3302214.34290893,3396960.43844569,2871225.90695151,3210728.66116957
2016,3134284.95526662,2836777.78220256,3559668.75709814,3179844.1809737,3011044.04272752,3145979.25831613,3456971.80434151,3182331.96403323,2925045.39635897,3181938.29970633,2925085.06695068,3210392.23978609,3042310.52428545,3352645.27556737,3135502.47695309,2896811.56947643,3139305.84718348,2836777.78220256,3330312.26848571,3559668.75709814,2897304.40745161,2862225.29551934,3213280.03976701,2925489.98490697,3350764.10409933,3447019.71372798,2897959.10475111,3251114.47699575
2017,3173231.01513058,2872273.48030861,3619171.42874292,3213626.05399495,3049200.7030451,3192695.40218876,3517150.1509523,3216188.48579186,2950685.81607314,3215785.48418389,2950724.10988452,3247291.7676224,3073733.66596012,3404074.01243963,3172715.50428825,2926136.5947973,3181165.00940427,2872273.48030861,3376815.18441726,3619171.42874292,2926633.23605111,2891049.34809228,3259202.82995311,2951138.13429571,3402135.9581295,3499687.05608502,2927309.34693076,3294186.61463163
2018,3214089.04520446,2909923.08969542,3680832.76256793,3248880.75855013,3089490.58145906,3241602.80128101,3579817.42932427,3251520.0314602,2977983.87845562,3251106.28934902,2978017.59437889,3285785.68259233,3106765.39533984,3457670.08140219,3211837.31876277,2957250.40495786,3225220.64960192,2909923.08969542,3425242.16890643,3680832.76256793,2957747.54627654,2921900.98740969,3307382.62184513,2978440.57612762,3455673.89996044,3554407.39809498,2958448.59136194,3339277.59095016
2019,3256824.872816,2949668.13274088,3744641.83004062,3285593.88976012,3131844.76888691,3292668.66236906,3644933.4721985,3288312.39516866,3006897.60563216,3287886.4315174,3006923.31147197,3325895.71599489,3141378.3548307,3513400.85348946,3252868.25599777,2990082.55432624,3271407.71233316,2949668.13274088,3475594.76198891,3744641.83004062,2990576.64327796,2954744.97560495,3357755.89659069,3007355.02640412,3511345.98780372,3611181.03015135,2991306.36963226,3386357.18218756
2020,3301748.10766988,2989859.86776692,3810882.29303198,3324137.44376708,3176546.57706368,3346111.01946778,3712728.51561326,3326938.0352997,3037773.46704226,3326498.16804832,3037787.46379599,3367967.43829641,3177946.49687912,3571535.1250926,3296120.14900771,3024961.80987127,3319987.54362382,2991744.01399693,3528194.86744354,3810882.29303198,3025449.01942251,2989859.86776692,3410610.38893199,3038227.65290287,3569421.15386428,3670316.88710857,3026211.57959471,3435745.71481377
2021,3347004.43049982,3026536.21966776,3873139.48480753,3364482.56086963,3221615.0020302,3396970.09632993,3775860.05791833,3367361.23865541,3071866.65246918,3366905.63835748,3071866.28858803,3411474.18275072,3217021.65515639,3627507.29965172,3339254.71415948,3062493.57709748,3368763.61925323,3033735.13639876,3579456.60863593,3873139.48480753,3062970.93845435,3026536.21966776,3462873.66911434,3072314.0848128,3625339.68940183,3726651.47239803,3063768.11229402,3484882.76322301
2022,3407793.58937945,3076723.25162515,3953668.8797313,3419678.63123367,3282199.82174093,3463213.96910403,3857131.92478547,3422659.55260206,3119712.95426965,3422181.10300903,3119690.40697532,3470705.02436639,3271048.58148202,3700931.37917487,3396888.20724404,3114525.06739121,3434172.90129254,3089861.07438025,3647161.41911477,3953668.8797313,3114986.00789122,3076723.25162515,3532434.0599891,3120147.5586333,3698696.02179737,3800093.70583398,3115831.85310579,3550496.37771277
2023,3471676.53731644,3129887.34438797,4037113.49213137,3477938.44834258,3345949.5720449,3532041.58570132,3941286.30907785,3481026.26334753,3170730.67110298,3480522.20710187,3170681.21365063,3533076.56913468,3328305.70989595,3777524.60436221,3457379.33577447,3169779.90075376,3503008.03378608,3148876.15600047,3717878.08414494,4037113.49213137,3170219.83190775,3129887.34438797,3605434.33087038,3171147.33397374,3775220.11042124,3876425.18941534,3171119.82836084,3619341.30722025
2024,3536760.17015434,3184297.61390314,4121778.5689576,3537222.716206,3410981.01952228,3601963.25393116,4026774.24715889,3540419.72740912,3222880.73194531,3539888.14343837,3222800.09929071,3596563.69530011,3386665.58925188,3855458.39761054,3519038.02571466,3226190.03702836,3573237.20032733,3209086.01679858,3789838.99774505,4121778.5689576,3226604.57875365,3184297.61390314,3679896.67884584,3223274.47283904,3853084.92042814,3953970.99361278,3227563.09032837,3689525.43751153
2025,3602368.40188421,3239342.09644456,4207026.01348923,3596811.78945653,3476597.670266,3672442.10215334,4112994.23782347,3600119.38943998,3275450.90862498,3599558.76058902,3275335.18872637,3660537.25944852,3445411.07776238,3934061.84919235,3581277.26451588,3283015.7819767,3644099.44666594,3269888.52041472,3862425.97607249,4207026.01348923,3283400.68887696,3239342.09644456,3755073.11905688,3275816.95347009,3931618.87953475,4032121.90521241,3284421.62547716,3760361.54241449
2026,3670462.14734268,3296790.82982523,4294552.71396815,3658930.31063451,3544736.98272323,3744938.10303186,4201429.49227862,3662352.51885795,3330632.76674763,3661760.25791188,3330476.19310115,3727204.73377997,3506906.84365272,4015124.2476742,3645826.41866412,3342422.44164705,3717551.07059813,3332897.10397128,3937507.3636723,4294552.71396815,3342773.05697049,3296790.82982523,3832898.83919646,3330964.62703104,4012611.31790638,4112587.94566858,3343861.68150327,3833815.82255076
2027,3740072.35106081,3355723.54163799,4383474.19712937,3722548.43775599,3614431.03220586,3818618.30017683,4291235.52500744,3726087.98189777,3387362.93060636,3725461.98829979,3387161.67478869,3795451.29069282,3570009.7613137,4097758.59704492,3711785.39944295,3403377.59402625,3792699.46441561,3397259.0884854,4014135.772049,4383474.19712937,3403689.33758231,3355723.54163799,3912466.17372648,3387655.79593536,4095175.49023202,4194469.3782327,3404850.30499683,3908919.71883782
2028,3809862.92250326,3414949.67026298,4472544.94245117,3786227.51758328,3684351.16117756,3892389.83743686,4381259.25276031,3789885.2793673,3444225.28400334,3789224.4045765,3443976.38740238,3863867.38643697,3633230.80416025,4180664.19720787,3777962.574429,3464447.31778086,3868112.31150654,3461793.09220688,4091031.4139473,4472544.94245117,3464716.11738354,3414949.67026298,3992395.55424917,3444475.05852825,4178011.58599949,4276540.43218342,3465952.96620255,3984338.51333766
2029,3879313.50153424,3474049.39856114,4561222.07332965,3849430.94511111,3753952.8323976,3965847.05310611,4470989.20335163,3853207.06661378,3500705.09571885,3852510.70283604,3500405.62943595,3932011.38400784,3696064.75959536,4263284.38698853,3843947.35391082,3525078.69020079,3943109.93866615,3526023.00823199,4167720.80860561,4561222.07332965,3525300.91471321,3474049.39856114,4072048.67494732,3500907.66993185,4260563.23728967,4358329.68140639,3526616.55832269,4059510.47107591
2030,3948245.21816761,3532804.78083302,4649333.07064606,3911981.68630839,3823061.344971,4038834.02679275,4560235.13816701,3915876.0277201,3556578.61614272,3915143.84657136,3556225.76539525,3999655.62978448,3758303.20116486,4345407.90176593,3909605.81212994,3585153.98349713,4017501.77761457,3589768.52307561,4244069.30337554,4649333.07064606,3585326.29208494,3532804.78083302,4151265.55832956,3556729.93981192,4342619.20695725,4439690.01965027,3586723.32394671,4134235.67745381
2031,4018058.55000628,3592442.56987942,4738061.38649279,3975530.80022406,3893100.46170068,4112300.02643193,4650018.53812484,3979545.2266454,3613470.78338614,3978775.88195588,3613060.91954259,4068318.36148392,3821690.73949754,4428313.14333275,3976011.3320368,3646221.27090912,4092816.13268066,3654189.36031171,4321302.76611803,4738061.38649279,3646338.80113844,3592442.56987942,4231460.11492452,3613564.51192413,4425456.16624419,4521721.92513817,3647821.89125701,4209930.63877633
2032,4087770.95779344,3652048.02081738,4826462.54335283,4039012.75620202,3963060.27520753,4185379.48238504,4739428.21488926,4043147.69996884,3670355.91180191,4042340.48010274,3669885.9389911,4136913.50890807,3885104.02328564,4511121.05721554,4042275.68192852,3707226.16094889,4168131.74150537,3718448.17824877,4398427.52116914,4826462.54335283,3707285.82358666,3652048.02081738,4311689.5076597,3670388.52029773,4508195.43759042,4603478.43978088,3708857.33771113,4285609.68128097
2033,4156203.88185791,3710582.63391668,4913415.47576259,4101175.60572203,4031767.99071766,4257091.83528273,4827410.25230135,4105429.85437015,3725991.5568698,4104585.04376711,3725459.63431907,4204208.17865689,3947233.79283091,4592663.9848921,4107341.69509704,3766923.39373043,4242182.77010455,3781480.16827988,4474297.68113463,4913415.47576259,3766926.76998078,3710582.63391668,4390750.32171285,3725960.37432561,4589670.07348426,4683866.1528501,3768583.97883924,4360097.82749941
2034,4222879.35867995,3767705.48544854,4998395.01670313,4161545.95967103,4098737.04922254,4327045.65866603,4913462.45239346,4165917.65911197,3779935.20954812,4165036.05057301,3779340.34145063,4269828.00902183,4007639.53391947,4672371.46604271,4170810.54650555,3824817.82882045,4314306.11553781,3842814.9317917,4548484.83393974,4998395.01670313,3824767.45451147,3767705.48544854,4468045.31127753,3779838.10435221,4669310.81415195,4762413.3340587,3826506.58441135,4432908.21586773
2035,4287557.09943861,3823167.37422336,5081113.20640644,4219871.80139004,4163708.23176383,4395014.50393377,4997285.11939346,4224358.70486527,3831941.6844968,4223441.3356763,3831283.28756268,4333535.51592163,4066077.22966146,4750057.84390627,4232546.53548234,3880663.85283407,4384271.39361472,3902312.77318588,4620684.76614123,5081113.20640644,3880554.83413745,3823167.37422336,4543321.28510155,3831776.875435,4746932.64259343,4838862.61107717,3882379.47330425,4503764.60385678
2036,4351561.15588376,3878043.96496161,5162738.69195145,4277657.17468211,4228035.99290748,4461968.67230466,5079925.43388081,4282258.82272318,3883509.54369757,4281305.70515435,3882785.85887884,4396658.72053481,4124108.35525689,4826879.73937509,4293539.36299032,3936038.76569974,4453592.53671315,3961087.93133885,4692104.93853242,5162738.69195145,3935866.50850258,3878043.96496161,4617937.41342272,3883273.73677726,4823689.82847074,4914325.19419615,3937780.41769567,4573915.58644548
2037,4413951.73874343,3931501.32327332,5242335.16181478,4333927.93239888,4290791.87114054,4527033.71288946,5160475.41243384,4338642.52368778,3933653.06358957,4337654.22670195,3932862.98663895,4458162.81422162,4180695.73954678,4901954.09656179,4352907.36829635,3989963.722629,4521340.75336666,4018306.76379806,4761811.50582363,5242335.16181478,3989725.37938412,3931501.32327332,4690972.45617964,3933343.58757524,4898699.67178874,4987848.533858,3991730.10735037,4642452.75363666
2038,4473643.2555476,3980360.95697713,5318867.72540166,4387533.30933263,4350886.40665478,4589313.84839086,5237951.24874775,4392357.59810948,3981217.19848173,4391335.48335708,3980360.95697713,4516934.49248408,4234636.19858972,4974213.22460089,4409695.44739848,4041268.41203592,4586344.4128291,4072975.99853924,4828757.9846362,5318867.72540166,4040962.69305779,3982601.09286191,4761327.83063255,3980833.11604975,4970896.02273168,5058432.11356225,4043057.94074081,4708320.63248638
2039,4530287.34357932,4024956.91500486,5391965.96739842,4438129.28103925,4407980.47630253,4648550.04754973,5311997.74067684,4443059.62044063,4025878.35708254,4442005.33118197,4024956.91500486,4572718.29158127,4285640.74747628,5043196.02269339,4463628.01898607,4089592.14489142,4648074.04043953,4124705.3953769,4892650.23805139,5391965.96739842,4089218.5221681,4031123.21112929,4828557.86239449,4025419.79699076,5039818.6380644,5125750.92019698,4091403.25378088,4771162.74858501
2040,4583815.44682817,4066614.37955899,5461500.12304899,4485664.39327751,4461979.59960579,4704620.61270689,5382473.65221895,4490697.060847,4067599.79909474,4489612.27154813,4066614.37955899,4625464.04933453,4333635.59496298,5108904.93958519,4514643.11590575,4134860.6414657,4706417.00219206,4173542.62698321,4953361.26523699,5461500.12304899,4134419.16487441,4077002.29626861,4892565.99248909,4067067.26299421,5105470.20379428,5189680.426011,4136691.78828806,4830897.90841112
2041,4635737.39894748,4107010.62290288,5528827.35826838,4531774.73748968,4514407.7016367,4758735.45836988,5450656.84450468,4536907.86045424,4108060.27937487,4535793.32670367,4107010.62290288,4676678.41980347,4380309.97492634,5172730.69694805,4564043.2264214,4178824.69074845,4763128.49271309,4220850.73883108,5012259.03625552,5528827.35826838,4178314.35144586,4121451.66528201,4954853.60895191,4107452.16633898,5169238.69050679,5251540.9695508,4180674.78598496,4888909.26927336
2042,4685375.00439747,4145371.45803954,5593363.07304636,4575726.59571237,4564587.06439068,4810323.43035051,5515975.00655665,4580957.32513685,4146485.09564495,4579814.18337845,4145371.45803954,4725579.21008569,4424881.46288706,5234060.59469655,4611181.88032902,4220733.63891772,4817595.56138749,4266011.1911696,5068683.76530027,5593363.07304636,4220153.29511097,4163857.07312704,5014830.70773283,4145800.32909028,5230511.76192999,5310719.73649944,4222600.59812822,4944571.07128834
2043,4731922.1573082,4180787.80684918,5654393.88599006,4616644.93291671,4611706.68492056,4858742.51360107,5577744.08852391,4621969.47684396,4181964.03556435,4620799.28147973,4180787.80684918,4771366.75713956,4466429.85245064,5292145.88370513,4655377.03537864,4259672.67572436,4868916.59015579,4308272.51083039,5121878.06827911,5654393.88599006,4259023.41390516,4203549.10035129,5071709.95581209,4181203.31851492,5288542.38782253,5366521.54196119,4261555.3916947,4997136.74228997
2044,4775279.6136498,4213136.2672079,5711846.7938637,4654426.42527338,4655666.79960841,4904000.57792856,5635904.54549142,4659840.98584065,4214373.2167605,4658645.30029032,4213136.2672079,4814053.81904964,4504889.99102476,5346807.4595889,4696605.15442497,4295484.08459237,4916822.73859895,4347458.09498072,5171851.81584582,5711846.7938637,4294788.76861833,4240530.98235838,5125317.78182492,4213538.18864761,5343152.29644866,5418924.64256954,4297402.65265626,5046520.95775027
2045,4815593.59913553,4242601.91299266,5765856.80066921,4689254.23993352,4696605.58987125,4946202.39045821,5690582.78461885,4694755.26069455,4243897.70125016,4693535.51754828,4242601.91299266,4853724.62610325,4540422.04517813,5398213.35164421,4734966.45804756,4328314.33500266,4961436.8345142,4383766.78370685,5218715.18252809,5765856.80066921,4327566.02926272,4274940.12799741,5175808.35686321,4242990.1342818,5394509.61064808,5468021.64401205,4330259.16237194,5092893.09818938
2046,4854515.4192756,4271015.53182036,5817907.64554671,4722869.74443899,4736178.24625954,4986698.87110373,5743225.46020506,4728455.537814,4272372.12133173,4727212.53486372,4271015.53182036,4892073.26800874,4574824.48088004,5447988.11917475,4771887.76080047,4360044.69701303,5004647.23855084,4418794.17590823,5263946.59738437,5817907.64554671,4359235.91599746,4308094.60019526,5224776.25134581,4271386.31000912,5444234.31777726,5515268.80920419,4362008.31153482,5137738.93472179
2047,4891496.95146457,4297708.55571416,5867570.22099694,4754663.39672116,4773834.16908244,5025038.29255013,5793399.62831584,4760331.4714821,4299124.0523042,4759066.29988713,4297708.55571416,4928444.47155125,4607437.95441676,5495656.94363507,4806904.0622876,4390048.18392734,5045971.85027393,4452022.31618141,5307029.26099948,5867570.22099694,4389175.50037467,4339499.94255828,5271777.95132566,4298062.65300661,5491853.15938899,5560204.56381929,4392026.35062298,5180572.53519086
2048,4925834.23245811,4321855.24543896,5914255.22750762,4783870.96738905,4808849.89905294,5060670.27740518,5840536.54871855,4789618.07040254,4323337.47152864,4788331.98159112,4321855.24543896,4962170.51897855,4637442.26958562,5540583.0233053,4839434.64135742,4417488.25906113,5084609.1309487,4482776.28774051,5347321.96262929,5914255.22750762,4416550.78203698,4368591.27693591,5316149.95025136,4322193.44492787,5536732.47959276,5602236.23653162,4419476.98826383,5220772.87027128
2049,4957470.38309101,4343364.18306676,5957926.53549375,4810433.82892277,4841169.91759967,5093661.92959094,5884611.98571725,4816256.7870414,4344905.9100436,4814950.87681424,4343364.18306676,4993330.31961189,4664791.7491447,5582652.04306794,4869501.28773292,4442253.1348406,5120333.52514023,4510910.08822244,5384878.33652491,5957926.53549375,4441250.71042675,4395412.79529178,5357773.58959051,4343687.09534963,5578757.87901395,5641392.69058928,4444249.28766674,5258303.09077068
2050,4986580.62454584,4362456.28769214,5998773.50306898,4834558.65868834,4870978.65207537,5124133.21251806,5925798.69947353,4840454.61830871,4364051.15083838,4839129.74037696,4362456.28769214,5022005.29254634,4689718.00837118,5622012.11033986,4897213.16654836,4464519.79912425,5153298.21320231,4536590.28869737,5419854.75481854,5998773.50306898,4463452.86424096,4420124.57326484,5396843.16160448,4362764.47515489,5618077.3544677,5677824.98912031,4466521.25061748,5293360.78848671
2051,5014777.312712,4380954.98387903,6038219.18690874,4857933.19577895,4899897.64466619,5153404.64933045,5965512.71737539,4863901.04506732,4382601.18786086,4862557.80492472,4380954.98387903,5049801.61586566,4713979.70598379,5660234.80982197,4923940.41532385,4486146.78798157,5185349.20335823,4561466.8412791,5453676.58568945,6038219.18690874,4485014.5862317,4444004.90827313,5434866.61735283,4381247.37273598,5656258.02409147,5712937.53825143,4488152.37613488,5327373.01363343
2052,5041514.94310156,4398187.88624969,6075828.15087784,4879955.78347856,4927375.54593677,5181022.00540214,6003315.00349018,4885993.63593015,4399884.46787327,4884632.89297903,4398187.88624969,5076093.39618878,4736915.69329441,5696873.80580052,4949217.43331414,4506509.03557837,5216003.13715837,4585018.95939991,5485821.91651826,6075828.15087784,4505311.51091791,4466560.60369664,5471405.13833637,4398463.38788439,5692854.65429846,5746259.06852364,4508517.69685168,5359852.76755948
2053,5066087.3568132,4413333.90721885,6111003.60449604,4899869.07369376,4952692.10512179,5206428.94721155,6038611.65414065,4905974.37393396,4415079.33624875,4904596.85896248,4413333.90721885,5100231.68499023,4757713.27217872,5731280.8352358,4972459.31664381,4524757.33823617,5244442.22794417,4606544.17407635,5515662.74030376,6111003.60449604,4523495.63793423,4487235.75511093,5505814.30518009,4413592.55521017,5727221.20182579,5777189.078883,4526768.04520306,5390185.89034603
2054,5088387.23882459,4426246.31200092,6143664.67452991,4917562.9626708,4975725.6358086,5229620.18768536,6071333.31413137,4923733.19211778,4428038.88506578,4922339.35631511,4426246.31200092,5122267.69148906,4776282.14109484,5763295.11082024,4993638.54755174,4540726.06258744,5270405.50353391,4625856.42535975,5543178.37293115,6143664.67452991,4539401.86876637,4506030.15238263,5537924.27821723,4426488.75593194,5759197.81223269,5805692.7334664,4542737.9392374,5418293.05468648
2055,5108544.70535719,4437077.831945,6173941.15573411,4933206.49759412,4996616.78492997,5250695.12629155,6101599.20472419,4939439.38064011,4438916.04708356,4938029.44588603,4437077.831945,5142228.9341338,4792802.01132829,5793014.57986406,5012837.98003777,4554564.77158133,5293995.97815244,4643073.00568719,5568490.78736483,6173941.15573411,4553179.86652156,4523053.73958774,5567871.48957003,4437304.74665514,5788882.51623039,5831894.40785781,4556577.0922774,5444324.25225148
2056,5128082.2511237,4447619.89410677,6203142.93751365,4948397.36208845,5016907.91458448,5270893.44888279,6130739.83966117,4954692.08711044,4449503.95181354,4953266.57247698,4447619.89410677,5161584.07149965,4808935.52576555,5821870.24653702,5031324.82570674,4568060.54507808,5316962.9802563,4659772.60926895,5592928.13525215,6203142.93751365,4566615.04373351,4539513.63041527,5597031.21939656,4447830.17099884,5817701.93715043,5857098.36787055,4570073.14450335,5469589.81642129
2057,5146441.99978904,4457187.64399803,6230816.81304458,4962522.83448996,5036035.63838984,5289738.93279357,6158284.97420742,4968877.76725713,4459117.11208035,4967437.44627752,4457187.64399803,5179708.22001756,4824020.12478591,5849417.21052508,5048619.36731717,4580578.45142929,5338804.01515601,4675414.24351726,5615953.65551842,6230816.81304458,4579072.84056899,4554904.32105535,5624957.92272447,4457380.24040519,5845211.55681147,5880811.58567658,4582590.85413526,5493586.22254369
2058,5162911.59651986,4464950.32235104,6256349.26961302,4974841.50590991,5053271.2969033,5306652.05613806,6183607.13652842,4981254.40135562,4466923.9111102,4979799.66569661,4464950.32235104,5195958.69595041,4837249.53204422,5874995.15819471,5064120.66788325,4591265.95975716,5358686.43983366,4689269.22637221,5636928.89658576,6256349.26961302,4589701.72322867,4568678.14852944,5651010.00808858,4465125.34546185,5870753.53727219,5902415.5120332,4593277.52434374,5515703.97181129
2059,5177341.68240747,4470729.09818546,6279607.58868155,4985195.75437746,5068447.17375946,5321589.35964784,6206592.76000377,4991664.33493858,4472745.26948145,4990195.25589898,4470729.09818546,5210357.20434283,4848493.90486156,5898412.14254959,5077768.42835539,4599891.36355016,5376313.5719518,4701117.61811793,5655795.29980615,6279607.58868155,4598270.42438219,4580787.27373109,5674977.87521768,4470887.2419052,5894137.20223073,5921833.75431475,4601901.49101702,5535830.66887826
2060,5189820.81387133,4474624.08682855,6300692.06993471,4993699.7464066,5081666.92448383,5334618.39925367,6227332.17760587,5000221.86876339,4476681.35046733,4998738.3686511,4474624.08682855,5222899.4766269,4857886.32478745,5919721.22602484,5089620.1786067,4606588.10047529,5391736.54411514,4711026.82897125,5672635.3425219,6300692.06993471,4604912.37371993,4591285.46357877,5696963.37681312,4474766.03444244,5915415.80667003,5939151.59841938,4608596.27307342,5554040.40554169
