1925,1222.27213170787,1222.2720334038,1222.27224640018,1222.27211331551,1222.27208888428,1222.27205341392,1222.2720936184,1222.27212724565,1222.27207922163,1222.27205597111,1222.27212043383,1222.27221429014,1222.27217942592,1222.27224640018,1222.27217896204,1222.27206090445,1222.27220672569,1222.27206377115,1222.2721271638,1222.27222205341,1222.27218505238,1222.27208947591,1222.2720334038,1222.27220343925,1222.27212816664,1222.2721968465,1222.27208700725,1222.27213750391
1926,1487.78400975465,1487.78059818971,1487.78757729683,1487.78330030281,1487.78242781664,1487.7814082736,1487.78271135208,1487.78355486607,1487.78200789531,1487.78115801269,1487.78335491907,1487.78699494973,1487.78580495576,1487.78757729683,1487.78671726334,1487.78161128798,1487.78649598496,1487.78170200113,1487.78441444368,1487.78646082568,1487.7861598463,1487.78256764326,1487.78059818971,1487.78596362423,1487.78383631226,1487.78638830624,1487.78245599943,1487.78457149745
1927,1512.35993000158,1512.34144380209,1512.38208625669,1512.35558449198,1512.35036396776,1512.34663836595,1512.35314589617,1512.35521937947,1512.34714455513,1512.34261016089,1512.35425843584,1512.3764566322,1512.36980226802,1512.37840741895,1512.38208625669,1512.34660776337,1512.37269673809,1512.3477306681,1512.36699983665,1512.36942744822,1512.37224001153,1512.35218174503,1512.34144380209,1512.36687737641,1512.3596695192,1512.37406066253,1512.35057607576,1512.36602056344
1928,1539.01587849559,1538.96230107926,1539.09854367103,1539.00258693512,1538.98621476118,1538.98249145488,1538.99823570321,1538.99540339857,1538.97373730906,1538.96230107926,1538.99301586003,1539.06035323058,1539.04127449054,1539.06655142188,1539.09854367103,1538.97768409696,1539.0489151921,1538.98391599695,1539.05273864948,1539.03130292579,1539.04870880839,1538.99519865655,1538.96577074341,1539.02339483048,1539.01977987832,1539.05953809996,1538.98571964406,1539.04358555196
1929,1568.07536917766,1567.95714008826,1568.27966587757,1568.04705858867,1568.00967563539,1568.01719710549,1568.04252787518,1568.01829084548,1567.97647395758,1567.95714008826,1568.01420046948,1568.15728667793,1568.11852067749,1568.17774677458,1568.27966587757,1567.99686133956,1568.13709553212,1568.01636578595,1568.18764235553,1568.0850669647,1568.13392557122,1568.03710602258,1567.97898333384,1568.06577076494,1568.09732416919,1568.1730553226,1568.00451792013,1568.1547297861
1930,1599.68214501347,1599.46885170796,1600.07694736925,1599.63412384975,1599.56328757524,1599.60189563459,1599.63141372633,1599.55997321976,1599.4936600684,1599.46885170796,1599.5548802084,1599.80020402411,1599.73668967235,1599.85518100479,1600.07694736925,1599.55039165825,1599.77857238913,1599.59325666779,1599.93461780825,1599.66537728805,1599.76258223987,1599.62640057829,1599.5303869582,1599.62544374828,1599.74863156177,1599.86199692869,1599.54546733699,1599.85339211215
1931,1633.75640375921,1633.41955952737,1634.40698962021,1633.68703787881,1633.56832167844,1633.66398558884,1633.68657104227,1633.53632096127,1633.44412199309,1633.41955952737,1633.53237856212,1633.89698770018,1633.80745016215,1634.01653802268,1634.40698962021,1633.56377679466,1633.89156243862,1633.63863885614,1634.22474142317,1633.6874898232,1633.84606767337,1633.68905899933,1633.54646153555,1633.61469391426,1633.90544899534,1634.04672635027,1633.52620073285,1634.06296370606
1932,1670.00487505169,1669.52050971527,1670.96597297536,1669.91627476561,1669.73405717938,1669.91561248049,1669.91580432735,1669.65316963378,1669.53664311073,1669.52050971527,1669.65417692249,1670.14377019322,1670.03107566259,1670.36495858755,1670.96597297536,1669.75014556548,1670.18129962798,1669.86160848012,1670.76670136429,1669.85741676399,1670.08488679232,1669.93706785603,1669.73927067131,1669.73730473846,1670.28210040567,1670.43137144912,1669.65359999988,1670.48707702382
1933,1707.96622684312,1707.31423484446,1709.27915986501,1707.86399876665,1707.60239887379,1707.8985377472,1707.85840966772,1707.45103988284,1707.31423484446,1707.31611003517,1707.46233132142,1708.07195122139,1707.94250885815,1708.43522143841,1709.27915986501,1707.65421135503,1708.1852056566,1707.8017574441,1709.0939252582,1707.71629752848,1708.01475691522,1707.91293231801,1707.65123838345,1707.53314434323,1708.41991782803,1708.55032506327,1707.46866293152,1708.65739353078
1934,1747.07344015818,1746.21541142093,1748.76599364859,1746.96586581159,1746.60965626145,1747.04661820752,1746.9475924044,1746.36660492675,1746.21541142093,1746.24524970007,1746.39471583477,1747.11092037034,1746.97358735182,1747.65666440611,1748.76599364859,1746.71374532091,1747.3351254345,1746.891938007,1748.62939991633,1746.7015266386,1747.06869720874,1747.05176997269,1746.71749276685,1746.43928403986,1747.75010252371,1747.83160317002,1746.4081709788,1747.99826763216
1935,1786.71875207909,1785.63828565035,1788.80650374803,1786.61575316757,1786.15111189291,1786.75116161723,1786.57549643671,1785.79680572265,1785.63828565035,1785.7055696905,1785.84902147148,1786.65260092357,1786.51748065249,1787.41843665308,1788.80650374803,1786.32414117568,1787.02226812911,1786.52362346007,1788.75289858413,1786.21063762312,1786.64126762324,1786.74637939045,1786.33105447733,1785.85374239844,1787.65983493999,1787.66249106862,1785.86898011754,1787.89325536289
1936,1826.31156777182,1824.99792103326,1828.86066409259,1826.22370071309,1825.63874146143,1826.41934392771,1826.15121635921,1825.15612714136,1824.99792103326,1825.11103134431,1825.24000786041,1826.10863130938,1825.98601160235,1827.12753370199,1828.7998089358,1825.89632899957,1826.65518665608,1826.10515236263,1828.86066409259,1825.65845855905,1826.14569264133,1826.405469469,1825.90108569537,1825.19244270432,1827.5514687561,1827.44787083049,1825.26541912468,1827.74387901387
1937,1865.32405472109,1863.77160803116,1868.41220173213,1865.2616610814,1864.5467325425,1865.52028833991,1865.1464877072,1863.92176023256,1863.77160803116,1863.93740458439,1864.0447007857,1864.95516511347,1864.8547101304,1866.25438540793,1868.20979693329,1864.90259660032,1865.70544030127,1865.10755359549,1868.41220173213,1864.52223188405,1865.05874779617,1865.49961729201,1864.89881910426,1863.9341300081,1866.88923084927,1866.6560035964,1864.07451842086,1867.01557595697
1938,1903.32247720624,1901.5300543438,1906.96231925092,1903.29503740663,1902.44281361777,1903.61681525738,1903.12710449088,1901.66467489247,1901.5300543438,1901.75364453133,1901.83353165706,1902.7634889361,1902.69370639141,1904.36410484419,1906.59629705032,1902.908249535,1903.73895853978,1903.09602770437,1906.96231925092,1902.37268990775,1902.9515288497,1903.59293563736,1902.88918287814,1901.65127099419,1905.23138425792,1904.84990270782,1901.86710508918,1905.26910138449
1939,1939.98464076038,1937.95479524299,1944.17891007393,1940.00033202017,1939.00574662507,1940.38321629045,1939.77042918724,1938.0669256405,1937.95479524299,1938.2394550848,1938.28772330471,1939.21688370794,1939.1848379389,1941.13380938003,1943.63227003235,1939.58939524018,1940.43346477054,1939.74747648979,1944.17891007393,1938.89138679552,1939.50648161119,1940.36078817054,1939.54847744527,1938.0272499779,1942.24822490803,1941.70473485423,1938.32510222197,1942.1779019953
1940,1975.10522196316,1972.8435507384,1979.84837708507,1975.17065863796,1974.0307467094,1975.61082733384,1974.87076907907,1972.92692252943,1972.8435507384,1973.1907654347,1973.20464432517,1974.11551379134,1974.12673334494,1976.35782089571,1979.10887253444,1974.73858112772,1975.58374123241,1974.85587452941,1979.84837708507,1973.87600733626,1974.52245239628,1975.59532311144,1974.66987760064,1972.86158107807,1977.72773349833,1977.01307269728,1973.24677901103,1977.53332302059
1941,2008.59145587843,2006.06556349893,2013.87126713044,2008.71158201558,2007.42527793848,2009.20388147062,2008.3350922034,2006.15510650863,2006.10596948365,2006.51556178275,2006.49356610806,2007.3718035141,2007.43032729724,2009.94323765294,2012.9309066922,2008.26073857369,2009.09722759274,2008.32796828619,2013.87126713044,2007.23608610897,2007.91020824153,2009.20130635428,2008.15923667302,2006.06556349893,2011.57141341812,2010.68050079523,2006.54240193685,2011.24016568314
1942,2040.45184316571,2037.65100845392,2046.25084736685,2040.62994480864,2039.19786293829,2041.16831601473,2040.17174696473,2037.76266939774,2037.7524022845,2038.22272068013,2038.16445882757,2038.99894229369,2039.10745315615,2041.89854896571,2045.10532849332,2040.16208840485,2040.98264680741,2040.17197414575,2046.25084736685,2038.98177333384,2039.68106512295,2041.18492752379,2040.02386290172,2037.65100845392,2043.78303090608,2042.7142505525,2038.22293467566,2043.30527412228
1943,2070.78039852848,2067.71453638135,2077.07718923528,2071.01820409344,2069.44241466234,2071.59606829178,2070.47470971933,2067.8458272776,2067.8782167471,2068.40635973683,2068.31233160512,2069.09501725356,2069.25502140018,2072.31781680789,2075.72533415118,2070.53453088727,2071.33420464013,2070.48180409742,2077.07718923528,2069.20815383691,2069.93112361653,2071.63811110408,2070.35679956219,2067.71453638135,2074.45282339228,2073.20738954154,2068.38429932128,2073.82167584932
1944,2099.73863084419,2096.41962029667,2106.50897692305,2100.03647110951,2098.32027718869,2100.64706292955,2099.40555416012,2096.56783119135,2096.64583925574,2097.22789623542,2097.09929810202,2097.82494264927,2098.03696428565,2101.36261339543,2104.95220804059,2099.53771648263,2100.31355493375,2099.41901531206,2106.50897692305,2098.07730171262,2098.82328321728,2100.72053207692,2099.31880939427,2096.41962029667,2103.73939947682,2102.32075511617,2097.18938376023,2102.95046385889
1945,2127.53702543388,2123.97813732675,2134.75482559502,2127.89402924499,2126.04174788673,2128.53067230588,2127.17491670542,2124.14048302865,2124.26629402558,2124.89758745525,2124.73613414875,2125.40193885099,2125.66570974721,2129.24348145968,2132.9966957748,2127.38057616357,2128.13128730603,2127.19425889316,2134.75482559502,2125.79983752709,2126.56879025908,2128.64111403574,2127.11984308258,2123.97813732675,2131.85112356242,2130.26440077396,2124.84956227549,2130.9021884122
1946,2154.41736114143,2150.63275635807,2162.05544904018,2154.83166767104,2152.84841697227,2155.48799212523,2154.02479372926,2150.80648842102,2150.98157253712,2151.65688966775,2151.46465920589,2152.06987920044,2152.38451128698,2156.20224478467,2160.10122878753,2154.30365341391,2155.02925717407,2154.04956391968,2162.05544904018,2152.61731881041,2153.4096396791,2155.64034809669,2154.001331921,2150.63275635807,2159.02833160501,2157.27988513442,2151.60705948514,2157.91908950876
1947,2180.63678381102,2176.64108072076,2188.66760035799,2181.10575654914,2178.99725156919,2181.77586114644,2180.21259453068,2176.82356794134,2177.04875578371,2177.76256147432,2177.54186383445,2178.08741499209,2178.45155037197,2182.49608523519,2186.52391583483,2180.56316882094,2181.26467264453,2180.24238053924,2188.66760035799,2178.78638402528,2179.60274236224,2181.97435812496,2180.22023172868,2176.64108072076,2185.52730699061,2183.62432204337,2177.71907681088,2184.25909084278
1948,2206.45419880142,2202.26210695101,2214.85034755458,2206.97463015435,2204.74699269944,2207.65319347535,2205.99751415045,2202.45088888402,2202.72645249218,2203.47307748365,2203.22634694887,2203.71443239209,2204.1263694182,2208.38394404316,2212.5248625061,2206.41738753294,2207.0964979087,2206.03194587347,2214.85034755458,2204.56521131279,2205.40641300449,2207.90127760485,2206.03538435557,2202.26210695101,2211.60658240974,2209.55675149544,2203.44424165068,2210.18211773337
1949,2232.1192497204,2227.7452659014,2240.8539493323,2232.68754831473,2230.34713482866,2233.36989510278,2231.62949417873,2227.93808432729,2228.26382073712,2229.03762218337,2228.76733140394,2229.20110186392,2229.65889854891,2234.11551074608,2238.35508728848,2232.11556283136,2232.77443948435,2231.66824043507,2240.8539493323,2230.20255802632,2231.06944000417,2233.67020754434,2231.69646640546,2227.7452659014,2237.51583585636,2235.32709695127,2229.03164408587,2235.93900662765
1950,2243.69705510754,2239.15398669379,2252.74690879534,2244.30955733317,2241.86207241161,2244.99197322982,2243.17380574729,2239.34883240785,2239.72415803564,2240.51986833903,2240.22843459815,2240.61202933335,2241.11359747546,2245.75657994026,2250.08327054735,2243.72257917314,2244.36387267891,2243.216524426,2252.74690879534,2241.76194139172,2242.65565438081,2245.3462927852,2243.26849242496,2239.15398669379,2249.32196332042,2247.0018114029,2240.54468483454,2247.59748598186
1951,2235.41831459127,2230.71724538524,2244.76326461441,2236.07142837641,2233.5218916459,2236.75108534583,2234.86129425716,2230.91235497247,2231.33643068809,2232.14922672143,2231.83894830929,2232.17709792154,2232.72031334389,2237.53844027075,2241.94334774166,2235.46912106802,2236.09572216299,2234.90763790083,2244.76326461441,2233.47253243968,2234.39441841029,2237.1604413451,2234.98215547916,2230.71724538524,2241.25755333421,2238.81289248383,2232.21235960584,2239.39066095778
1952,2227.07868325437,2222.23120619575,2236.69758004982,2227.76871351124,2225.12276427849,2228.44309015979,2226.48799585097,2222.42498789117,2222.89676493561,2223.72191939904,2223.39499791667,2223.69219015101,2224.27491534501,2229.25619688963,2233.73027142181,2227.15104622264,2227.76552426499,2226.53768777892,2236.69758004982,2225.12962086837,2226.08050129735,2228.9079593939,2226.63351671756,2222.23120619575,2233.11762609933,2230.55558216278,2223.83033281247,2231.11408974494
1953,2218.79458995347,2213.81133317013,2228.66804092522,2219.51797719322,2216.78096270952,2220.18515167581,2218.1705328644,2214.0023885342,2214.52066243188,2215.35383798125,2215.01233425919,2215.27309152349,2215.89320307329,2221.02646342996,2225.56213969308,2218.8849900289,2219.48981566833,2218.22330818195,2228.66804092522,2216.84858091615,2217.82916255573,2220.70543054583,2218.33917377682,2213.81133317013,2225.01968629231,2222.34700538401,2215.51389327093,2222.8855827512
1954,2210.65028244429,2205.54084791599,2220.76074585091,2211.40366840509,2208.58057607281,2212.06226257147,2209.9933091795,2205.72795553322,2206.29142426585,2207.12870364192,2206.77452133476,2207.00327840136,2207.65869989749,2212.9337025472,2217.52482509,2210.75546611741,2211.35295923164,2210.04891154689,2220.76074585091,2208.7126489021,2209.723521898,2212.63735651319,2210.18354209801,2205.54084791599,2217.04916194116,2214.27214218077,2207.34612275608,2214.79070721444
1955,2202.70461271158,2197.47754768542,2213.03644381546,2203.48488601378,2200.58029413144,2204.13400282358,2202.0152947892,2197.65964577513,2198.26695949577,2199.10485861452,2198.73973421201,2198.9407484744,2199.62947726823,2205.03700782511,2209.67873263898,2202.82162614248,2203.41392705461,2202.07347521053,2213.03644381546,2200.77972804238,2201.82137098005,2204.76291881482,2202.22563270995,2197.47754768542,2209.26614951243,2206.39059247147,2199.38471409922,2206.88954918843
1956,2194.99800730209,2189.66080329077,2205.53746346877,2195.80233200001,2192.82037718972,2196.44149000887,2194.27699729491,2189.83697241779,2190.48677472199,2191.32224193462,2190.94773987537,2191.12502895353,2191.84515807294,2197.3770691705,2202.06574949198,2195.12420971515,2195.71326826611,2194.33751464933,2205.53746346877,2193.08937229797,2194.16216116644,2197.12292748819,2194.50601766728,2189.66080329077,2201.71234928559,2198.74352816124,2191.6689678706,2199.22366809252
1957,2187.55860864609,2182.11772253235,2198.29382049975,2188.38443879477,2185.32879772158,2189.01350685477,2186.80660587317,2182.28716917095,2182.97813034284,2183.80853497265,2183.42604683011,2183.58334852812,2184.33308457128,2189.98230840636,2194.71537263637,2187.69167019968,2188.2792476963,2186.86922866549,2198.29382049975,2185.66893564665,2186.77315465561,2189.74594331566,2187.05296854694,2182.11772253235,2194.41717720276,2191.35981929929,2184.22595356139,2191.82222962753
1958,2180.40703689742,2174.86792849811,2191.32795296591,2181.25212026892,2178.12600293421,2181.87125498636,2179.62475675982,2175.02996989934,2175.76081283961,2176.58392592466,2176.19467278373,2176.33542281751,2177.1131003267,2182.87363535254,2187.64946430046,2180.54492539289,2181.13260520167,2179.68926551152,2191.32795296591,2178.53833695645,2179.67418990456,2182.65302346406,2179.88721701163,2174.86792849811,2187.40250299673,2184.2607842996,2177.07528501229,2184.70676602613
1959,2173.55961790661,2167.92679845884,2184.6579302606,2174.42199180057,2171.22814358533,2175.03157969854,2172.74776540422,2168.08084905327,2168.85036879335,2169.66433868106,2169.26937592608,2169.39669934597,2170.20079201719,2176.06767061329,2180.88548018035,2173.70057809564,2174.28978146842,2172.81395515969,2184.6579302606,2171.71328689493,2172.88090839929,2175.86093634413,2173.02518260152,2167.92679845884,2180.68586032866,2177.4634100255,2170.23235624061,2177.89440828811
1960,2167.03019453907,2161.30728101395,2178.29925263152,2167.90817628429,2164.64888602969,2168.50878202166,2166.18944210298,2161.45284042224,2162.25991824086,2163.06324329983,2162.66346713248,2162.78017992015,2163.60930896643,2169.57855265105,2174.43828665646,2167.17272314322,2167.76472764118,2166.25712463123,2178.29925263152,2165.20709499508,2166.40656136121,2169.38396291342,2166.48078459007,2161.30728101395,2174.28224598682,2170.98215883164,2163.71015569891,2171.39970631038
1961,2160.83078336875,2155.02055425428,2172.26550259502,2161.7229576689,2158.40006937534,2162.315279091,2159.96175282714,2155.15719686429,2156.00081005267,2156.79231032596,2156.38846543232,2156.49708332651,2157.35002332853,2163.41859131756,2168.32082760496,2160.97360227259,2161.56956086001,2160.03075822324,2172.26550259502,2159.03131983135,2160.26265965909,2163.2345462961,2160.26609964139,2155.02055425428,2168.2047697193,2164.82962419729,2157.5199220016,2165.2352974523
1962,2154.97130219703,2149.0757512883,2166.56807275391,2155.87650699796,2152.49143312445,2156.46133727744,2154.07455046606,2149.20311728297,2150.08234556337,2150.86113473767,2150.45382262153,2150.55657480003,2151.43225740957,2157.597993271,2162.54386473005,2155.11333164878,2155.71429114169,2154.14472798052,2166.56807275391,2153.19548861192,2154.45869340277,2157.42301487891,2154.39109050001,2149.0757512883,2162.46437947695,2159.01625982068,2151.67086761495,2159.41164752413
1963,2149.45837052138,2143.47875614046,2161.21497116706,2150.37568263029,2146.92941738441,2150.95387933838,2148.53437846826,2143.59654381977,2144.51057333011,2145.27603198605,2144.8657195747,2144.96456536916,2145.86208126244,2152.12366130362,2157.11479221395,2149.59870360515,2150.20562167336,2148.60559649597,2161.21497116706,2147.70588902958,2149.00092411782,2151.95638064908,2148.86240767564,2143.47875614046,2157.06866344396,2153.54918368019,2146.16897357242,2153.93586510278
1964,2144.2932953553,2138.23018332143,2156.20881552517,2145.22201664123,2141.71514808552,2145.79447726445,2143.34245921535,2138.33814254456,2139.28626816739,2140.03801891927,2139.62504712758,2139.72169443114,2140.6402939203,2146.99717980496,2152.0356368961,2144.4311745125,2145.04493482849,2143.41460446178,2156.20881552517,2142.56354637895,2143.89036245597,2146.83632474205,2143.6813764215,2138.23018332143,2152.0198403752,2148.43016880233,2141.0149684593,2148.80970057989
1965,2139.46972821933,2133.32302785702,2151.54450050889,2140.40937286448,2136.84209316868,2140.97701603442,2138.4923529561,2133.42095442891,2134.40258107277,2135.14046589662,2134.72505791037,2134.82098232799,2135.7600750183,2142.21247191691,2147.30072861229,2139.60452420576,2140.22594961025,2138.56532888154,2151.54450050889,2137.76187229278,2139.12041764771,2142.05685550338,2138.84165478746,2133.32302785702,2147.3124229913,2143.65330581002,2136.20197828282,2144.02721489636
1966,2134.97155992361,2128.74055331598,2147.20710346129,2135.92184288084,2132.29395656089,2136.485594424,2133.96785398086,2128.82828415274,2129.84292740949,2130.56698720339,2130.14925631287,2130.24572041782,2131.2048742516,2137.75369470716,2142.89460625519,2135.10275328845,2135.73261703162,2134.0415787011,2147.20710346129,2133.2845521331,2134.67478555312,2137.60220515337,2134.32712937421,2128.74055331598,2142.93111995876,2139.20290313541,2131.71341453306,2139.57268389387
1967,2130.77145821749,2124.45482366619,2143.1704321592,2131.73228477668,2128.04321520955,2132.29306762118,2129.74152921587,2124.53223259407,2125.57951901685,2126.28997524629,2125.86993212563,2125.96800443297,2126.94694439672,2133.59377717601,2138.79056387663,2130.8986231703,2131.53765841893,2129.81593309204,2143.1704321592,2129.10407637856,2130.52598047484,2133.44536964449,2130.11045389562,2124.45482366619,2138.84938056043,2135.05202935517,2127.52150601144,2135.41914292154
1968,2126.83023436757,2120.42606552839,2139.3963997857,2127.80169056238,2124.05048538794,2128.36041755292,2125.77408543033,2120.49305959605,2121.57272668686,2122.26996484702,2121.84752423246,2121.94809768259,2122.94670437608,2129.69378697184,2134.95002256217,2126.95302475095,2127.60193263704,2125.84910859956,2139.3963997857,2125.18110217867,2126.6346967492,2129.54747736841,2126.15241664958,2120.42606552839,2135.02876736247,2131.16188328575,2123.58666076266,2131.52775764217
1969,2123.09703754835,2116.60285993118,2135.83522543105,2124.07938105796,2120.26471723842,2124.63694981971,2122.01456407826,2116.65937614119,2117.77127202009,2118.45582659599,2118.03081336502,2118.13462322905,2119.15293141163,2126.00312460803,2131.32272709248,2123.21517455588,2123.8746310808,2122.09015415885,2135.83522543105,2121.46464392454,2122.94999885824,2125.85798529881,2122.40213581381,2116.60285993118,2131.4191552794,2127.48199053055,2119.85765703835,2127.84802014959
1970,2119.51024923353,2112.92303569523,2132.42633216301,2120.50390044565,2116.62408974694,2121.06118958835,2118.40123608564,2112.96903808336,2114.11312074175,2114.78566135711,2114.3578160498,2114.46545723071,2115.5036543788,2122.46041736891,2127.84764010915,2119.62351049934,2120.29417259455,2118.47734624306,2132.42633216301,2117.89296487389,2119.41021206167,2122.31557458103,2118.79795477187,2112.92303569523,2127.95962902825,2123.9510987042,2116.27253533003,2124.31864310601
1971,2115.99888310224,2109.31506967192,2129.09974839477,2117.00441608267,2113.05741160012,2117.56228222442,2114.86300219022,2109.35054668064,2110.52688270039,2111.18820119945,2110.75718505102,2110.86912877455,2111.92755361561,2118.9949184917,2124.45434009528,2116.10709283074,2116.78960382062,2114.93958968359,2129.09974839477,2114.39497511749,2115.94431887319,2118.84955102713,2115.26884298271,2109.31506967192,2124.57988455099,2120.49857707365,2112.75999670398,2120.86895811902
1972,2112.48427710094,2105.69978003821,2125.77779967598,2113.50241033107,2109.48581445126,2114.06168561934,2111.32108553014,2105.72474214217,2106.9335047846,2107.58450306736,2107.14990263789,2107.26651251909,2108.34565345848,2115.52819838331,2121.06471071198,2112.58729698519,2113.2822916243,2111.39811078435,2125.77779967598,2110.89192226563,2112.47364787074,2115.38153720763,2111.73608901722,2105.69978003821,2121.20192131695,2117.04610760729,2109.24109373766,2117.42060575555
1973,2108.88187819202,2101.99211267677,2122.37689208515,2109.91346506109,2105.82453898356,2110.4749550486,2107.69081703064,2102.0065902248,2103.24805684591,2103.88973535854,2103.45106685072,2103.57261430112,2104.67310763255,2111.97592853961,2117.59472288088,2108.97959896663,2109.68770814946,2107.76824320851,2122.37689208515,2107.29917512936,2108.91365527955,2111.82725680223,2108.11508626381,2101.99211267677,2117.74182644415,2113.50946836793,2105.63101425386,2113.88931841494
1974,2105.10295330774,2098.10285367372,2118.80922144395,2106.14897246047,2101.98464714133,2106.71345432006,2103.88334709412,2098.10689491448,2099.38144373181,2100.01489058632,2099.57160393727,2099.69828285414,2100.82091064192,2108.24959181893,2113.95614384197,2105.19528687673,2105.91714205519,2103.9611400844,2118.80922144395,2103.5279336973,2105.17563281461,2108.09824490877,2104.31704478854,2098.10285367372,2114.11148462816,2109.80024316515,2101.84079109129,2110.18663012272
1975,2101.05610138342,2093.93381165594,2114.98428389283,2102.11764711328,2097.87453526976,2102.68586822039,2099.8071584326,2093.93381165594,2095.24191796417,2095.86829871693,2095.41978153584,2095.55172219719,2096.6974097375,2104.25799405752,2110.05804856794,2101.14297354191,2101.87921084099,2099.88528712929,2114.98428389283,2099.48674011927,2101.16821667497,2104.10335938351,2100.25050417056,2093.94014239658,2110.22008921981,2105.82733268221,2097.7788125888,2106.2213884757
1976,2096.64848351935,2089.39407787963,2110.8101054383,2097.72675645725,2093.40116510687,2098.29943345342,2095.36929704489,2089.39407787963,2090.73630987529,2091.35685802974,2090.90243943277,2091.03972151285,2092.20953431624,2099.90849416182,2105.80805087101,2096.72982734273,2097.48109134002,2095.44773377249,2110.8101054383,2095.08270764039,2096.79861479124,2099.75001045147,2095.82256419014,2089.41070190065,2105.97537191272,2101.4981843827,2093.35205072515,2101.90098595406
1977,2091.78672656823,2084.39391593824,2106.19414617592,2092.88302493728,2088.47096784463,2093.46084351786,2090.47627657598,2084.39391593824,2085.77093036075,2086.38693867669,2085.92589304584,2086.06855766737,2087.26369795048,2095.10790801882,2101.11320957027,2091.86247656341,2092.62942369194,2090.5549975104,2106.19414617592,2090.22242272847,2091.97350768309,2094.94506403615,2090.93978857775,2084.42074177442,2101.28450664974,2096.71969664266,2088.46696217957,2097.13226588813
1978,2086.37748721565,2078.83959544128,2101.04386648845,2087.49319890243,2082.99040826839,2088.07681457221,2085.03464305586,2078.83959544128,2080.25213326505,2080.86494595804,2080.39649662493,2080.54455737459,2081.76636009926,2089.76307329026,2095.88059667353,2086.44757431227,2087.23087585534,2085.11362850047,2101.04386648845,2084.81250744951,2086.59961004044,2089.59540597433,2085.50876921563,2078.87652040921,2096.05467500605,2091.39878421365,2083.030049405,2091.82208999516
1979,2080.32768793226,2072.63766639853,2095.26696668129,2081.46428359107,2076.86622033569,2082.05432350279,2078.9512113424,2072.63766639853,2074.08654881722,2074.69755472155,2074.2208775523,2074.37433040378,2075.62425895033,2083.78108644813,2090.01753872236,2080.39203536426,2081.19238002991,2079.03044574305,2095.26696668129,2078.75985350591,2080.5839044506,2083.60817855259,2079.43636241444,2072.68457809861,2090.19330451469,2085.44261635689,2076.94809317355,2085.87757863464
1980,2066.60000339697,2058.47228629173,2082.29659263139,2067.45716735755,2062.27546467692,2068.35690102037,2066.00915428612,2058.47228629173,2060.70132267126,2060.56346726216,2060.82576555466,2061.07111027504,2060.76364584672,2070.04775973381,2076.23877197404,2066.62969944464,2067.83521227645,2064.55115568021,2082.29659263139,2065.32004601735,2066.85866501602,2069.48951862643,2065.56229502306,2059.27611833085,2076.57075451054,2072.22383992969,2063.16622193756,2072.4371485497
1981,2054.64386441748,2046.63928847549,2071.22324712153,2055.80098440669,2049.03653463585,2055.56044046101,2055.05177985804,2046.63928847549,2049.19793143878,2048.76639046745,2049.31306957837,2050.04261598739,2047.97565466988,2058.05420501162,2064.20584998487,2054.83119261154,2055.96125146502,2048.33544011209,2071.22324712153,2054.3871808567,2055.09504483516,2056.85741326597,2053.59563454966,2047.74723386867,2064.70193582869,2061.32437600581,2051.34106599792,2061.05084894288
1982,2039.58765076577,2020.5149283925,2057.36323235482,2042.02294744312,2032.193852499,2037.59136123065,2041.2714713352,2032.68106406282,2034.99256417899,2034.84515457315,2035.09874945705,2037.18036832979,2032.74646226055,2043.24240383659,2048.93657507733,2040.38244725985,2040.59583016301,2020.5149283925,2057.36323235482,2041.47468910671,2040.67874321059,2040.66564194255,2039.09121534529,2033.51676850287,2050.01622776839,2048.26272898765,2036.86412677614,2047.46171504978
1983,2019.13822341884,1970.28366701211,2038.78676849577,2024.6807314495,2009.02567114528,2010.13347170711,2022.66830506789,2015.16139831636,2016.21364585914,2017.36217847651,2016.31110863211,2021.4489446969,2013.2210818734,2023.76226108591,2027.98164420976,2021.40259345131,2019.21756311938,1970.28366701211,2038.78676849577,2025.29797477034,2021.72748915112,2018.20775169573,2020.40079681869,2014.71502530638,2030.65874867405,2031.61130893371,2017.85926825424,2030.31618726827
1984,1991.14320396415,1890.17195787548,2013.37397327665,2002.65925507699,1976.71229116093,1968.58292638885,1996.93365180026,1992.97139803274,1990.79559031202,1995.20723781736,1990.88460471413,2002.06398361896,1987.95549897604,1997.83719928247,1998.69681337025,1995.99042655997,1988.96283571569,1890.17195787548,2013.37397327665,2004.80827842791,1996.33874527984,1986.50920757031,1996.04283940859,1989.27882221251,2004.84643572806,2010.03232752961,1992.43003680281,2008.49376216547
1985,2048.46963704157,1870.70530650478,2077.73340861867,2070.49323422456,2025.91083570532,2002.69394216959,2056.60363377658,2060.7112577136,2051.36544405707,2062.96684068696,2051.44275471504,2074.5839906555,2050.37053273473,2058.63864615606,2052.19464174362,2056.8233771132,2041.26561611458,1870.70530650478,2073.8334715487,2074.94527811006,2057.19400217657,2036.12812378725,2059.75009963004,2049.84540419693,2065.70240368681,2077.73340861867,2053.29142127635,2076.54725893656
1986,2228.71074475178,1948.21715773663,2280.69886487524,2268.21648195896,2190.60262403875,2148.24508032722,2238.81512292765,2258.45952745404,2234.61480324654,2260.70997483473,2234.67613341273,2280.69886487524,2238.60434650781,2244.05323577348,2223.14572316807,2240.64984707022,2211.89971131804,1948.21715773663,2257.47651193138,2276.37169085421,2241.04393105181,2200.96954466943,2250.20459383044,2233.11526002326,2251.07782760917,2274.12778417011,2237.21687843763,2274.55596156685
1987,2395.84103177147,2004.35940856107,2485.04801290328,2459.71495830542,2332.94962083285,2275.46616231357,2407.28566835283,2450.04302406285,2402.38418669831,2452.2754944275,2402.43157606159,2485.04801290328,2415.59231653526,2417.17809160298,2373.71850788136,2409.17106277115,2364.75339076665,2004.35940856107,2427.32807157554,2473.27324159318,2409.58314091182,2343.00051043094,2430.58231192223,2400.92518898755,2424.10526127616,2462.53927433287,2405.87517631352,2466.4421348662
1988,2545.27302910501,2045.74463618949,2683.18201851536,2639.5295869993,2447.87498355129,2386.18499686513,2559.5293980696,2630.01732213573,2548.81292279793,2632.21555536638,2548.84991262291,2683.18201851536,2574.44515626664,2572.6826945641,2498.85223690527,2555.40424390948,2497.04152400056,2045.74463618949,2578.92870202849,2661.17886667003,2555.83149502084,2456.97573652179,2594.9735001557,2547.41783409944,2579.44085417323,2637.64507778021,2552.28881090114,2646.77766151512
1989,2673.92300632447,2078.70740296921,2869.75771051865,2802.00334089492,2534.32707334401,2482.79206944945,2695.91134980294,2792.73825813635,2670.68654570956,2794.88245453367,2670.71842308772,2869.75771051865,2708.63465002247,2706.94952694308,2597.11958966902,2674.4790962926,2608.63984105636,2078.70740296921,2710.14608037687,2835.9189857694,2674.92405747741,2541.16289307951,2738.1261478044,2669.380478603,2713.4578271398,2795.10323776667,2671.58797694753,2809.92014071704
1990,2780.70173762815,2108.92410287162,3039.06800986365,2942.21855613656,2595.19449154397,2567.94763314493,2818.64027441083,2933.2962339783,2767.83154391584,2935.36324667642,2767.86539898401,3039.06800986365,2813.50957216844,2818.88625967891,2670.52602190903,2764.79018833805,2701.47843640074,2108.92410287162,2821.26375202627,2994.44121891466,2765.26309556366,2597.16396606659,2856.46707764182,2766.6410447031,2825.06107493002,2932.55580089151,2762.16259190115,2950.98384804356
1991,2866.45062456244,2141.02364537369,3185.8715259127,3056.86775466707,2635.95292256122,2644.54551381071,2930.63062509488,3048.38492747553,2842.43704075598,3050.34874050452,2842.48135540786,3185.8715259127,2887.47425624901,2909.89885997272,2723.35763633168,2827.91030229931,2778.82719544746,2141.02364537369,2914.49232868455,3135.30859016348,2828.42971398089,2629.01376997289,2948.67424678543,2841.39091966066,2915.66116963752,3049.91655417165,2825.57737960246,3066.78863953711
1992,2933.53917492748,2178.2558203633,3306.30042404618,3144.75345208985,2663.06440353098,2715.55458852533,3034.89576584016,3136.80066665687,2898.12393566941,3138.63313044069,2898.18760186718,3306.30042404618,2932.28870397758,2983.23129647095,2760.97269424787,2867.71067048077,2844.65174417236,2178.2558203633,2993.31823585032,3258.72417253857,2868.30173144128,2642.14756440192,3015.67907174611,2897.25295277517,2988.51356904626,3148.98531149107,2865.69405800782,3156.43780750892
1993,2985.36499119502,2222.65245093573,3398.55388080943,3206.82133029946,2682.74814125988,2783.81620625124,3134.3400270727,3199.47654754615,2939.23358109779,3201.14860395868,2939.32460164743,3398.55388080943,2952.43838296421,3043.11556791841,2788.89792042301,2889.36908119341,2903.0594897379,2222.65245093573,3061.87429362207,3366.21321245617,2890.06021710946,2642.46616831048,3060.25304697646,2938.56764806823,3047.86703982564,3232.79613402199,2887.68039976899,3221.35080660064
1994,3025.85098150163,2275.30788249717,3463.1514708471,3245.81240562715,2700.30484472828,2851.92974354004,3231.68050007571,3239.13607104107,2970.31252289341,3240.61987430298,2970.43688731371,3463.1514708471,2953.97707917529,3094.0258398585,2812.2195613322,2898.50088795251,2957.86952794763,2275.30788249717,3124.39663188639,3460.18919381998,2899.31961892243,2635.61230840704,3086.39948449408,2969.87655684659,3098.21568357953,3305.01286364261,2897.14158304732,3264.825513762
1995,3061.37611902491,2338.5628076281,3545.79186203449,3268.53058225677,2722.94569752164,2924.15675736306,3330.95838131555,3262.56173823178,2997.22154164833,3263.8334573308,2997.38267010277,3505.29509087559,2947.04147070465,3142.4027253246,2837.70425865593,2903.08933874146,3013.91923987848,2338.5628076281,3186.06582374748,3545.79186203449,2904.063989843,2630.06028669828,3102.0727829085,2997.03190766596,3146.02090292796,3371.32005219318,2902.05169029075,3294.31791973371
1996,3107.06879737547,2421.19980181413,3637.21498365171,3293.53125982311,2767.58595633085,3012.15688037281,3441.85781951929,3288.27595799172,3031.18618450365,3289.31974425556,3031.38538657478,3542.63645924715,2954.69394288417,3202.74544138389,2879.90645066078,2919.6668850772,3081.32369184542,2421.19980181413,3256.44167708241,3637.21498365171,2920.82565131362,2645.94529641154,3128.68915623652,3031.24926130801,3205.8039958119,3444.45306998875,2918.93247829406,3329.69250200368
1997,3170.94725985822,2525.68948314254,3742.8351454206,3332.01363714417,2840.2041727869,3120.67284732723,3569.52873385898,3327.45301667868,3078.59803665201,3328.26070512439,3078.83538117198,3587.90739815793,2987.49264482035,3282.95841170317,2945.04151778129,2956.22777352106,3165.35498476055,2525.68948314254,3341.15481696834,3742.8351454206,2957.58936884593,2691.72562791014,3178.80616946865,3078.91230944665,3285.48496574898,3531.98471998952,2955.77412429402,3383.17550373151
1998,3256.98090667243,2651.99459895853,3867.4866528883,3390.36615118984,2942.13071088453,3251.57780485491,3716.68216442306,3386.46966046857,3142.74553434786,3387.0388939448,3143.02036027734,3649.4709041274,3049.431267674,3387.03489711531,3035.28511991565,3016.28172503482,3268.49925290953,2651.99459895853,3443.24678472303,3867.4866528883,3017.85770968624,2770.41261621432,3259.14286764164,3143.30375929769,3389.07139045159,3638.22845685767,3016.08963960164,3461.65374332243
1999,3368.18127330667,2800.0555925044,4015.19963150646,3473.62702643097,3074.43773829146,3406.52098648392,3885.47602155639,3470.358578213,3225.80737720311,3470.69192228914,3226.11875086984,3734.17192311193,3143.31983241332,3518.06101630335,3152.10787888204,3102.29694901083,3392.50957394183,2800.0555925044,3564.82851898075,4015.19963150646,3104.09503447076,2884.32585767685,3374.93652262462,3226.5985333118,3519.65684529546,3766.54630863359,3102.35211598355,3570.43129667742
2000,3400.93439303557,2880.32724492791,4063.11430480364,3476.27136743976,3138.32197986304,3478.60644774,3956.23595235045,3473.50147612731,3231.03229785592,3473.62050830016,3231.37912890785,3731.03139815842,3170.08525291417,3566.52148871316,3197.61029430232,3119.24184532193,3432.7486269411,2880.32724492791,3597.39087714421,4063.11430480364,3121.2457305656,2941.33200643412,3420.97269548427,3232.02914022223,3567.78570362799,3802.9693343204,3119.49613636793,3600.48858705539
2001,3302.59941818501,2842.67418544893,3950.75546604353,3345.76369040022,3077.08505622106,3411.61706170124,3870.48353288643,3343.32807185551,3114.27239353061,3343.2641579408,3114.65202477622,3587.20230645046,3074.18744044205,3476.51111149429,3120.00995422397,3018.85002413404,3338.86011744165,2842.67418544893,3490.96243040891,3950.75546604353,3021.0240658539,2885.86217759814,3337.82705666322,3115.43814811177,3477.57100728295,3692.85848063714,3019.24141605738,3494.68407702085
2002,3209.92251852572,2800.19944978412,3843.72591178825,3224.09992103525,3015.18232920111,3345.09196694704,3787.95031926812,3221.96300498051,3005.57239657868,3221.73088847807,3005.98131286013,3455.20302438764,2982.40034246959,3392.30356364145,3045.58653857374,2925.53561063646,3249.86339003425,2800.19944978412,3391.5424563271,3843.72591178825,2927.86430465268,2832.05043135971,3261.23701959033,3006.88708909966,3393.19088564729,3589.64406564225,2926.05255813892,3397.20418202076
2003,3119.98462750231,2751.35510923564,3739.75507287599,3108.52319133983,2950.60339457429,3276.87579265094,3706.03460750619,3106.64965494549,2901.81428086163,3106.26690371603,2902.24724797924,3331.55800468284,2892.5837329076,3310.47075555475,2971.63084959483,2836.10322475788,3162.8148561908,2751.35510923564,3296.01268114389,3739.75507287599,2838.56704458743,2776.70415627281,3187.09743847102,2903.25618772759,3311.21292608033,3490.42541036184,2836.7321291283,3304.32103441042
2004,3030.90112390839,2695.60420355732,3637.26162779054,2997.21465792414,2882.33575700423,3205.5345025807,3622.92660218905,2995.56986371735,2800.99951247945,2995.05501067729,2801.45137905482,3213.79128998948,2803.51284579381,3228.74919122404,2896.47168529356,2748.43572787562,3075.86505122816,2695.60420355732,3202.3454122481,3637.26162779054,2751.01292141002,2717.89626395408,3112.71049301617,2802.54751093635,3229.36998873358,3393.23145794902,2749.16155611581,3213.47358496704
2005,2942.12520544943,2633.64131206921,3537.93030323765,2889.70315775156,2810.67399324004,3130.67824354051,3537.93030323765,2888.25338339182,2702.51299828935,2887.62399497801,2702.97934815783,3100.69555081845,2715.31286067491,3146.31569163439,2819.79887871184,2661.75292920554,2988.54494570012,2633.64131206921,3109.93226665356,3535.77871603798,2664.42158657887,2655.16241241973,3036.99396389017,2704.14807763836,3146.83573614613,3297.36482190342,2662.56002736145,3123.51493620482
2006,2853.91386780528,2566.84110046918,3451.06045763155,2786.26979451904,2736.60294423831,3052.54969828049,3451.06045763155,2784.98272240247,2606.59640405462,2784.25391007233,2607.07249711758,2991.88316448042,2628.78445904053,3063.24961217759,2742.0935077332,2576.11501302363,2901.21453322834,2566.84110046918,3019.01286519817,3435.47553390517,2578.85479411811,2588.94655472378,2959.9195220239,2608.3015958828,3063.68697281756,3202.88663494347,2576.98783306814,3034.20456998153
2007,2766.58370194255,2491.73899577772,3362.42475341996,2687.1267806591,2661.00673258131,2971.47388476578,3362.42475341996,2685.97198513501,2513.58155764792,2685.15560248514,2514.06220468094,2887.11027401227,2544.53042418609,2979.7704219942,2663.86107733683,2491.73899577772,2814.29148492461,2496.53611299099,2929.84674929138,3336.46389739046,2494.53221438026,2519.8626473605,2881.72613529539,2515.34208929448,2980.14151495297,3109.88091354164,2492.66259800096,2945.4914964578
2008,2679.7206432945,2408.27258076094,3271.56130104381,2591.55887617414,2583.85310945393,2887.26486073837,3271.56130104381,2590.50702034139,2423.08191084762,2589.61177731188,2423.56149590609,2785.53645061982,2462.05498279203,2895.40231049613,2584.84609719292,2408.27258076094,2727.43280432839,2423.26538726917,2841.8199671261,3238.03394156965,2411.10459492934,2447.93008608306,2802.06068735003,2424.88507553416,2895.72303358144,3017.67983700273,2409.23283036412,2856.73506354518
2009,2592.11924563148,2324.70789180753,3177.36157519786,2497.92682911389,2504.20546137618,2799.20100871744,3177.36157519786,2496.95100168749,2333.8973513933,2495.9829745282,2334.37041333823,2685.61261793603,2379.82117716675,2808.89021958607,2503.99781904595,2324.70789180753,2639.45536238581,2346.73223805145,2753.35602422148,3138.61427775157,2327.56688819802,2372.51227044785,2719.83925985963,2335.73239240819,2809.17674079481,2924.78453746125,2325.69155469957,2766.59325361241
2010,2502.98077254874,2240.4576309328,3079.07786105559,2405.16588565082,2421.5871422483,2707.01165600689,3079.07786105559,2404.24128799423,2245.17804669744,2403.20375506772,2245.63886152665,2586.12541415365,2296.92555754181,2719.29300473002,2420.74941962226,2240.4576309328,2549.44261418813,2266.90511212252,2663.10638268759,3037.07709493181,2243.33453050849,2293.46023315038,2634.34339506079,2247.03543687921,2719.56213621583,2830.05409670152,2241.45276185159,2674.08999619253
2011,2412.79114286064,2155.87805425729,2977.0381943079,2313.70863851658,2336.93321736833,2611.43074683649,2977.0381943079,2312.81250059059,2157.14342459855,2311.7065857662,2157.58621626955,2487.05427849763,2214.12983494168,2627.27737630856,2335.73327015844,2155.87805425729,2457.93207296386,2184.73558273463,2571.46734207198,2933.7501863214,2158.76770460128,2211.7080022739,2546.26710980028,2159.0152541816,2627.54452851929,2733.69224984369,2156.87451722377,2579.59168256262
2012,2324.44426970322,2071.77485900179,2873.69021907259,2226.25165494831,2253.6725293136,2514.98121696855,2873.69021907259,2225.3615290466,2071.77485900179,2224.1911443081,2072.20225011257,2390.62232149316,2134.76277870631,2537.3961844646,2251.86709780148,2072.73483902287,2368.81138910923,2103.52910416387,2482.76785189548,2831.83605869755,2075.64161030257,2129.74538755109,2459.26202427221,2073.66327518192,2537.67194172528,2638.66058224809,2073.72531369244,2486.28357948013
2013,2237.31704180859,1988.68781443046,2768.25389858909,2141.90122199202,2171.1750839053,2417.28142791863,2768.25389858909,2140.99433358348,1988.68781443046,2139.76066587147,1989.10345277511,2296.18978187952,2057.49380297192,2448.57996261394,2168.74671306368,1991.05684932045,2281.19566549995,2022.95331275222,2395.71334588615,2730.10881810677,1993.98931636331,2047.7402133972,2372.94263367325,1990.59776200467,2448.87878421539,2543.91458313625,1992.03623062224,2393.63037064233
2014,2149.62352953972,1906.42358137277,2659.15238360916,2058.84491845663,2087.75398538495,2316.95970366983,2659.15238360916,2057.89897029797,1906.42358137277,2056.59926747801,1906.82981301664,2202.147579153,1980.55311492297,2358.22418618563,2084.64223269814,1909.59670309673,2192.72749735771,1941.32131985589,2307.53459492781,2626.16026437636,1912.5650117487,1964.75216100429,2285.33214318825,1908.36030775157,2358.56431303121,2447.3626845325,1910.56105727636,2299.72044409983
2015,2059.85658101543,1823.50723176153,2545.18720296932,1975.11387466477,2001.88304659808,2213.06786051498,2545.18720296932,1974.10512326512,1823.50723176153,1972.73485386195,1823.90611994287,2106.87998195857,1902.56252388314,2264.60944510368,1998.23601305414,1827.10347310092,2101.76405016912,1857.45793371795,2216.35506581728,2518.27331098073,1830.11959904934,1879.67463543362,2194.780629611,1825.47722094127,2265.01093106191,2347.44143481967,1828.04951996108,2203.11344314368
2016,1967.34717529955,1739.06136931081,2425.79111676477,1889.60462528849,1913.09219870333,2105.29304630947,2425.79111676477,1888.50755058426,1739.06136931081,1887.06352595761,1739.4576834701,2009.53759546256,1822.61002083438,2167.44296420267,1908.92008702298,1742.75220787764,2007.96777976789,1771.07294229575,2121.92798494579,2405.67271735393,1745.83205008376,1791.98197679916,2100.67250888735,1741.07540208714,2167.92550750913,2243.43416440116,1743.6776649862,2103.30469158236
2017,1868.51057679876,1649.91351899708,2298.09379846167,1797.97249394257,1817.42317516049,1990.79120411322,2298.09379846167,1796.75811076929,1649.91351899708,1795.2369373078,1650.31178308402,1906.72196004434,1736.1796408726,2062.4483499802,1813.37597184493,1653.67917135363,1907.44057431431,1679.06002911307,2020.07507606161,2284.51347242552,1656.83790381197,1698.56097082489,1999.09048299555,1651.9824262968,2063.03541025676,2131.87699069363,1654.58123095462,1996.80373628836
2018,1759.73154188915,1552.71995886442,2158.99237564724,1695.99071175943,1711.07579246192,1866.67943986463,2158.99237564724,1694.62918797296,1552.71995886442,1693.02943739611,1553.123544897,1794.90766853737,1639.15379444313,1945.36295404982,1708.24999686669,1556.85343011401,1796.40730531276,1578.3121423326,1906.55093323683,2151.03930053246,1560.10167463965,1596.21452855804,1886.04795217349,1554.85191243765,1946.08078399364,2009.1488856849,1557.7278520326,1880.03698341943
2019,1640.18632497964,1446.57892787485,2007.56670427698,1582.91163433152,1593.54620479739,1732.43782552166,2007.56670427698,1581.375461651,1446.57892787485,1579.69567190687,1446.99211179329,1673.08266466166,1531.03504292513,1815.31330331263,1592.75616273689,1451.28304321325,1674.16521915245,1468.14139632528,1780.45247029098,2004.40853428738,1454.63066700484,1484.38445235814,1760.51800757883,1448.78175324285,1816.19107809902,1874.1652787213,1452.12581264272,1752.1186957841
2020,1578.87605208158,1391.22896075466,1929.6263297126,1524.74657993282,1533.05596745613,1662.26352786505,1929.6263297126,1523.09167886424,1391.22896075466,1521.33633233077,1391.64992153072,1610.37959254921,1475.67109054515,1750.01725277084,1533.57637501046,1397.12121468673,1612.06816862569,1411.28243652968,1716.61198040612,1929.57236620923,1400.56526509155,1425.91540946787,1697.44725829146,1393.50197394571,1751.01823441948,1805.45409815779,1397.95379110998,1686.74549577557
2021,1627.65988143361,1430.66508545588,1990.22795945735,1571.57078036423,1581.08566307916,1708.36755261607,1987.85647633341,1569.88336501766,1430.66508545588,1568.01694917996,1431.0890362255,1657.72178765917,1522.3109453691,1809.84570330555,1581.16305349935,1439.38532702854,1664.5823097424,1454.44202788583,1772.94268074639,1990.22795945735,1442.97713333069,1466.25409884207,1755.08929298717,1433.04165500135,1810.91792906004,1862.6615381691,1440.25604868661,1739.14263679759
2022,1680.54217885914,1473.84459681067,2055.35679585143,1622.13807014511,1633.09944900888,1758.01226963228,2050.46403873945,1620.40366105817,1473.84459681067,1618.41238462759,1474.26778408019,1709.29986954092,1572.90193764314,1874.31443662347,1632.90667632059,1485.55700898635,1721.65833601679,1501.43380138505,1833.9212521905,2055.35679585143,1489.3179689665,1509.99547282447,1817.22767709321,1476.33613627178,1875.48632905718,1924.64047205022,1486.47048815483,1796.08755839967
2023,1733.19818586398,1516.87892173717,2120.10556671567,1671.98986459341,1684.48946240084,1807.5560973341,2112.96110070273,1670.19979295011,1516.87892173717,1668.08048629837,1517.29728355688,1761.40008169159,1622.6575070125,1938.52170950731,1684.2965631358,1531.8352946596,1778.57925489211,1548.00871101839,1894.60521355499,2120.10556671567,1535.76292486725,1553.49032445612,1879.25411485391,1519.48511486925,1939.82661784968,1986.54118859766,1532.79206598728,1853.33938335662
2024,1784.45889364875,1558.55568051746,2183.36475012524,1719.98351494879,1734.1750760824,1856.12209298138,2174.30015118999,1718.13717838885,1558.55568051746,1715.8914113084,1558.95991471983,1812.80976422182,1670.32229508199,2001.24415324367,1734.17409723824,1576.9949111536,1834.11423471543,1593.08863430716,1953.65106088479,2183.36475012524,1581.07363020916,1595.85149160119,1940.00085615728,1561.26494308173,2002.70895764501,2046.96137213592,1577.99329450487,1909.72887477465
2025,1834.57019782253,1598.99688601281,2245.454651532,1766.61647781969,1782.66597824536,1904.05965741998,2234.61829425775,1764.71640009394,1598.99688601281,1762.34946329269,1599.37625815338,1863.48887388633,1716.4519372997,2062.78348376004,1782.78069607374,1621.09240036565,1888.55881015725,1636.94312147402,2011.24147672501,2245.454651532,1625.29797761922,1637.44988166119,1999.68496850178,1601.7923134175,2064.43677438801,2105.92798630983,1622.12938841333,1965.34078868291
2026,1885.43692036878,1639.97618828535,2308.32572867786,1814.24820976885,1832.25026702573,1953.09716148085,2295.47108234447,1812.29746644081,1639.97618828535,1809.8150252071,1640.32288448936,1914.90510362562,1763.58904317427,2125.16628319247,1832.06603030113,1665.78003790262,1943.82132293272,1681.49268221263,2069.35521301299,2308.32572867786,1670.09056639721,1680.06015744782,2060.04862674091,1642.84484224529,2127.03987619124,2165.26618982552,1666.85310285263,2021.73991744393
2027,1935.67606234912,1680.33624623736,2370.44505920343,1861.18655630023,1881.2483427974,2001.82030681601,2355.68005432935,1859.19022380964,1680.33624623736,1856.60030783001,1680.63850572805,1965.89676748493,1810.02348129794,2186.78145745967,1880.71514638999,1709.91810017624,1998.41559469462,1725.46581411885,2126.53736047284,2370.44505920343,1714.30631369565,1722.39404551148,2119.7475432965,1683.25676785762,2188.90551816691,2223.68981542897,1711.02213253412,2077.68009709024
2028,1984.23894216003,1719.06277711173,2430.72405304542,1906.26798655719,1928.5208378615,2049.24717237986,2414.26189040598,1904.23349246105,1719.06277711173,1901.54830090455,1719.30861601928,2015.49175158202,1854.53881975812,2246.4934191403,1927.74501903334,1752.53903869877,2051.24212591342,1767.89037998411,2181.71210109953,2430.72405304542,1756.96825061827,1763.51489618759,2177.77558022502,1722.00886931234,2248.89666115745,2280.14658779935,1753.66686128119,2132.1680654633
2029,2030.61667168943,1755.68333662486,2488.64727113672,1948.99964294916,1973.6002261448,2094.85904319276,2470.70381698621,1946.93640575492,1755.68333662486,1944.17100283512,1755.86268190543,2063.1354938992,1896.5994711376,2303.79277469169,1972.64418436705,1793.06631491553,2101.78852927299,1808.27390744842,2234.38384236442,2488.64727113672,1797.49424392415,1802.99559554958,2233.65816837501,1758.62767165539,2306.49994176894,2334.06070958001,1794.20932969443,2184.72318606147
2030,2075.2152725431,1790.58226391078,2544.62209808687,1989.95011482086,2017.05645581833,2139.03655078715,2525.30689907655,1987.86905897989,1790.58226391078,1985.03973281873,1790.68492698425,2109.03258444453,1936.83239426335,2359.12362978747,2015.83426484758,1831.77107774855,2150.52450833547,1847.08622647201,2284.95737550093,2544.62209808687,1836.1553429413,1841.23039945273,2287.74125956039,1793.49633006932,2362.15482584332,2385.77051100889,1832.92030068018,2235.6026813381
2031,2119.78573378467,1825.51042804595,2600.37528112243,2031.20884908821,2060.93803142267,2183.36112829963,2579.53505183581,2029.11929821439,1825.51042804595,2026.24030038159,1825.53039857362,2154.56353826189,1977.49409099863,2414.2610553264,2059.07985527398,1870.29365059081,2199.22256282194,1886.13581787922,2335.22857992946,2600.37528112243,1874.6030426186,1879.75857664949,2341.50953553739,1828.37249027635,2417.63146302937,2437.04227477178,1871.4419332804,2286.18611038678
2032,2163.04975619154,1859.32264725031,2654.49561758397,2071.24281990111,2103.66101140785,2226.40761382032,2632.22356429746,2069.153991263,1859.39217539917,2066.23892888576,1859.32264725031,2198.76601722642,2016.96138185077,2467.77414527123,2101.09448706088,1907.54694719386,2246.52496006892,1924.12007694908,2383.93079723083,2654.49561758397,1911.74740148725,1917.36901534613,2393.80916576935,1862.17966432558,2471.49632233309,2486.68426688812,1908.68631482806,2335.41457114997
2033,2203.92774123586,1891.01174058042,2705.84439189178,2108.8624556486,2143.97257119434,2267.14745508743,2682.33604200112,2106.78450287097,1891.17721822555,2103.84740983107,1891.01174058042,2240.73608731498,2054.00058006835,2518.54529946988,2140.79598139858,1942.54749205391,2291.3140266178,1959.90549078798,2429.93200437414,2705.84439189178,1946.60184267428,1953.08358794944,2443.6657411085,1893.8648537899,2522.62362397166,2533.59945369245,1943.66910833574,2382.32456995761
2034,2241.84731378695,1919.98848222209,2753.83866238783,2143.47515499354,2181.28496167513,2305.04767751017,2729.27669728732,2141.41867418689,1920.25424639241,2138.47391321834,1919.98848222209,2279.92471853291,2088.0467118487,2565.9892516541,2177.61651834629,1974.75295350592,2333.00038078337,1992.94341413624,2472.68196614764,2753.83866238783,1978.62571601551,1986.35141346179,2490.54108370895,1922.81749023352,2570.42039322416,2577.1960435727,1975.84816051712,2426.368159111
2035,2277.14927341042,1946.6047945961,2798.81049387369,2175.5752620228,2216.09258012034,2340.4285720406,2773.26066428692,2173.55089361175,1946.9717704782,2170.61191380465,1946.6047945961,2316.49279410429,2119.63970041165,2610.43526643619,2211.92778673208,2004.43846892851,2371.92146687629,2023.6595584959,2512.50342570221,2798.81049387369,2008.10063309269,2017.46595536939,2534.63407528073,1949.39173925678,2615.2109526986,2617.78582157947,2005.49950445338,2467.71774100719
2036,2311.48690780333,1972.61321626317,2842.34867032487,2207.10618771527,2250.35181249635,2374.83641989968,2815.6926185436,2205.12256899243,1973.07820057478,2202.19883247746,1972.61321626317,2351.68943974763,2150.87997519974,2653.48353567489,2245.41359507923,2033.2345043708,2409.70758271212,2053.80060847917,2551.04348430093,2842.34867032487,2036.66963572414,2047.85462214765,2577.21888888777,1975.34779081166,2658.59423641773,2657.04823666707,2034.25585002787,2507.5821815473
2037,2343.49612178483,1996.75536510576,2882.99843159362,2236.4940619556,2282.4108559327,2406.79769783028,2855.2588031269,2234.55897846026,1997.31659969785,2231.65911002852,1996.75536510576,2384.50264219913,2180.03319157243,2693.70566295566,2276.65158094602,2059.92015181181,2444.93364129659,2081.8985860247,2586.9891686957,2882.99843159362,2063.11342395276,2076.25463052693,2617.13953385704,1999.42564551201,2699.13530834237,2693.6647731095,2060.89577969747,2544.88942038922
2038,2372.04685297637,2017.9426276269,2919.57663150591,2262.52920625327,2310.97061464608,2435.18699217553,2890.84488289148,2260.65065594902,2018.59826227224,2257.78331433784,2017.9426276269,2414.02851085295,2205.7718531197,2729.97849477247,2304.48369889069,2083.3909241809,2476.43776772442,2106.72973948529,2619.13468491276,2919.57663150591,2086.32733020212,2101.69743938009,2653.42164435375,2020.53515992345,2735.70471892067,2726.43405527043,2084.31457814548,2578.69753661577
2039,2396.54111155013,2035.53386817919,2951.49113304436,2284.58262272452,2335.38338440441,2459.49359913689,2921.87210844661,2282.76851259835,2036.28097899103,2279.9421431148,2035.53386817919,2439.71233267007,2227.47944054832,2761.71574959205,2328.31902774526,2103.06699153969,2503.62336636985,2127.65715519622,2646.87192188955,2951.49113304436,2105.73660513192,2123.63382944838,2685.5088292433,2038.03550631719,2767.7119710513,2754.73218063188,2103.93319838554,2608.44133235254
2040,2417.37423860565,2049.91665292082,2979.13050233849,2303.14815578319,2356.19755656673,2480.16564160182,2948.65583817954,2301.40582037814,2050.75011694144,2298.627546091,2049.91665292082,2461.73513720679,2245.78246053714,2789.25876795935,2348.5626919985,2119.3732291085,2526.89533473553,2145.18230412032,2670.5711544614,2979.13050233849,2121.77312077672,2142.38422022502,2713.62780266903,2052.31773910832,2795.49843864028,2778.91103516192,2120.17830258217,2634.30639504903
2041,2436.30423668096,2062.96982803473,3004.1608805508,2320.22662105345,2375.4819379359,2498.90366361704,2972.74551615367,2318.56061730632,2063.88232683289,2315.83373587889,2062.96982803473,2481.38707095918,2262.87899284393,2814.23626069336,2367.03670848391,2134.13636848563,2547.98768372206,2161.2717220998,2691.93727469783,3004.1608805508,2136.26954940468,2159.46657353288,2739.07329208763,2065.26850407836,2820.69761029052,2800.7626779085,2134.87913388349,2657.55136648853
2042,2452.05537102153,2073.4399829798,3025.25236125798,2334.35777146872,2391.68311954483,2514.35360386803,2992.8894752016,2332.77123301814,2074.42607120665,2330.09920896207,2073.4399829798,2497.78396827373,2277.13332642487,2835.40232122019,2382.41239760354,2146.13954011688,2565.57469882045,2174.50498905689,2709.78148734511,3025.25236125798,2148.00952210121,2173.72547362003,2760.84644827001,2075.63247524173,2842.06154393986,2819.0487971333,2146.81899905868,2677.23545980383
2043,2463.72007237782,2080.4283338754,3041.50282522121,2344.58158878664,2403.73894808902,2525.5813448314,3008.21235825518,2343.07490939724,2081.48252744489,2340.46407280274,2080.4283338754,2510.26574277488,2287.42085076867,2851.89894074064,2393.70750122327,2154.44830607344,2578.72276347476,2183.83430835866,2723.16243788371,3041.50282522121,2156.05586199472,2184.38773081519,2778.24811465527,2082.50875300406,2858.72606196265,2832.7898022445,2155.06134756045,2692.69637720696
2044,2470.9652401729,2083.54340758647,3052.60992070045,2350.53888391824,2411.26537812964,2532.32685557152,3018.42623170121,2349.11394152899,2084.65977329896,2346.56887589448,2083.54340758647,2518.56465989974,2293.3638645147,2863.45243970905,2400.61466335989,2158.69021521693,2587.09819186317,2188.87157880632,2731.7164853805,3052.60992070045,2160.03624944666,2191.18540167208,2791.02689887464,2085.50510109599,2870.41919243243,2841.62080333997,2159.23408839727,2703.67790198327
2045,2474.48577506042,2083.4364330436,3059.32446973936,2352.98163326402,2415.09281551185,2535.35815764889,3024.25459652354,2351.64161060498,2084.60805392448,2349.16402586809,2083.4364330436,2523.14389414796,2295.83059715607,2870.73153747372,2403.85773616004,2159.57149060766,2591.45673781623,2190.42053280277,2736.11930382684,3059.32446973936,2160.66174292179,2194.71757337991,2799.70708527823,2085.27887297724,2877.81349997481,2846.25699626133,2160.04356414987,2710.67141544727
2046,2476.32298236664,2082.23684016539,3063.65526522843,2354.10852193714,2417.56972059035,2536.71451112277,3027.65816917955,2352.85483594038,2083.4555218124,2350.44287414195,2082.23684016539,2525.5317223583,2297.24418999172,2875.65866215403,2405.53808311314,2159.22432029571,2593.8902138387,2190.76054914523,2738.41640668158,3063.65526522843,2160.07183098471,2196.74351159574,2805.85618656673,2083.96685617586,2882.83965019239,2848.81251867999,2159.62446002921,2715.19913724473
2047,2475.48941867876,2078.91001262006,3064.62279746247,2352.76288154874,2417.43271934667,2535.33825813822,3027.70535866195,2351.5956652001,2080.17075971027,2349.24906020599,2078.91001262006,2525.15628411757,2296.29057904835,2877.35005681246,2404.60566958826,2156.63873705568,2593.36165133124,2188.70831855516,2737.73342214368,3064.62279746247,2157.25473796114,2196.38265700522,2808.84296325093,2080.52753506092,2884.60921180926,2848.35366933304,2156.96879730827,2716.66366369326
2048,2471.40105202136,2072.79740292018,3061.73289815179,2348.31394356874,2413.97286524669,2530.61750525118,3023.86309750127,2347.23365914503,2074.09449946197,2344.95270297145,2072.79740292018,2521.68844438155,2292.18833935637,2875.32817822382,2400.39297689457,2151.16569562236,2589.24861136028,2183.50075780149,2733.50814304578,3061.73289815179,2151.56071490977,2193.13994029062,2808.3256664999,2074.3012825961,2882.64234608256,2844.27844498924,2151.42864584497,2714.74953841628
2049,2464.0195932417,2063.78660893466,3055.0316522444,2340.69977037913,2407.09982517663,2522.55061274714,3016.18414247518,2339.70732529262,2065.11508741135,2337.49236982156,2063.78660893466,2515.16898425535,2284.82922923735,2869.65635898296,2392.86694409226,2142.67779021565,2581.54627300458,2175.02273671861,2725.68018781071,3055.0316522444,2142.86285700888,2186.99018932594,2804.39726257766,2065.17639649503,2877.0033743899,2836.52420170434,2142.87703631435,2709.54261442634
2050,2454.23768436681,2052.70187894724,3045.4905629733,2330.84004138385,2397.83404222892,2512.11533187996,3005.66235879201,2329.93667052152,2054.05694420171,2327.78722395465,2052.70187894724,2506.25903606816,2275.23030584726,2861.23618913987,2382.97095595064,2132.04229467544,2571.23158601412,2164.28349233228,2715.13712634411,3045.4905629733,2132.02960631884,2178.72748029803,2797.81587839624,2053.97955178169,2868.59708946522,2826.03667631548,2132.18215381487,2701.75763152488
2051,2444.16101914127,2041.70469929075,3035.22046621887,2320.9243512061,2388.56892937006,2501.43647114328,2994.43331596478,2320.11025032557,2043.08225346436,2318.02389411624,2041.70469929075,2496.54172157697,2265.79015651173,2852.08091927722,2372.89282979027,2121.43721137779,2560.55161872753,2153.67071748503,2704.04072354285,3035.22046621887,2121.2415531181,2170.16866421895,2790.22561924861,2042.87623430344,2859.44379108242,2815.03444695168,2121.52236456936,2693.00227564967
2052,2432.93372746267,2029.86756961946,3023.41796549171,2309.961936915,2378.16779045958,2489.57721796609,2981.68722728471,2309.23652292322,2031.26421770459,2307.21122373846,2029.86756961946,2485.5993086529,2255.36483400032,2841.46668535033,2361.69805243058,2109.94168678088,2548.57074216996,2142.07223608684,2691.64425705628,3023.41796549171,2109.57581706468,2160.57133680773,2781.16284155888,2030.93586736054,2848.81728367066,2802.71955739944,2109.9756841422,2682.83532393164
2053,2420.07207582026,2016.60696656251,3009.70383462808,2297.41924062541,2366.03908791126,2476.03455051235,2966.97565739587,2296.78223331817,2018.01923713922,2294.81717549778,2016.60696656251,2473.18008958692,2243.31982654619,2829.02193634411,2348.82119736208,2097.01146083547,2534.75061893982,2128.80523238225,2677.49301403022,3009.70383462808,2096.48669160868,2149.53671123145,2770.40339228892,2017.57325537127,2836.34530316055,2788.61946709476,2096.99780776046,2671.03790737267
2054,2405.57394952848,2001.83770310255,2994.17697993871,2283.29433048184,2352.14358637681,2460.82151592457,2950.38140337479,2282.74593147237,2003.26146588911,2280.84043173114,2001.83770310255,2459.37658550763,2229.58893851111,2814.85281287876,2334.24905136488,2082.54810436954,2519.09886100448,2113.78868117394,2661.57002946025,2994.17697993871,2081.87526948385,2137.07000762921,2758.06395729351,2002.7046047389,2822.13220331467,2772.70837172629,2082.49043943463,2657.72747202837
2055,2390.2610882416,1986.33207529241,2977.72540036893,2268.42029609198,2337.41751369555,2444.82881509567,2932.8312978203,2267.96115829122,1987.76431044767,2266.11371121169,1986.33207529241,2444.7920760365,2215.08567566236,2799.78741622141,2318.87180197549,2067.34055438932,2502.55864639552,2097.97517820271,2644.68983163345,2977.72540036893,2066.5307039365,2123.88408822898,2744.84734831938,1987.10360413191,2807.01030707071,2755.83976578383,2067.24291078665,2643.57271894981
2056,2376.02758766781,1972.03996783979,2962.23166310602,2254.72958653485,2324.02756017505,2429.98521771039,2916.30412377175,2254.35942574743,1973.47840399352,2252.56679584573,1972.03996783979,2430.80438013308,2201.93105734016,2785.62664956209,2304.67996090589,2053.35048279332,2487.21119128123,2083.57903986038,2628.81957959983,2962.23166310602,2052.4147791639,2111.61204439235,2732.19872893816,1972.72240785706,2792.78653984129,2740.02571785955,2053.21642843209,2629.98795901029
2057,2361.96922873019,1957.99977442018,2946.82897861985,2241.22948314274,2310.79880426804,2415.30592154931,2899.89426611303,2240.9471009202,1959.44233793428,2239.20815485556,1957.99977442018,2416.95143959224,2188.9881505278,2771.58357707646,2290.67899057776,2039.60410035381,2472.015671433,2069.40839103024,2613.14285957612,2946.82897861985,2038.55204744991,2099.48002294204,2719.5906967298,1958.59663841879,2778.67046465904,2724.40139854792,2039.43656994527,2616.47487757139
2058,2347.52848510712,1943.57070395073,2931.0327506821,2227.33205223243,2297.06746447369,2400.2124954033,2883.03801392756,2227.13641857781,1945.01508905139,2225.45082722484,1943.57070395073,2402.89151909425,2175.60078288927,2757.17897685267,2276.23562352498,2025.50041580388,2456.34834093147,2054.70826481745,2597.10583459439,2931.0327506821,2024.34097211577,2087.02905558171,2706.71645102851,1944.08422229207,2764.18418084544,2708.40889614415,2025.30251045771,2602.72026518054
2059,2332.58157912043,1928.56046857288,2914.8038820507,2212.92021083497,2282.69808040123,2384.58528497735,2865.64681004684,2212.81055706947,1930.00418060924,2211.177168271,1928.56046857288,2388.58175671412,2161.6068088109,2742.37616364398,2261.20757114175,2010.84733234391,2440.05268685836,2039.2921838706,2580.56183590821,2914.8038820507,2009.58904770106,2074.1622780263,2693.553063598,1928.9936815649,2749.29115120248,2691.89482295793,2010.62218261641,2588.70026821825
2060,2317.76099671998,1913.58213379544,2898.80755829402,2198.64264559218,2268.42836827019,2369.11041946322,2848.44036115738,2198.61858717628,1915.0231061876,2197.03553781759,1913.58213379544,2374.45766258152,2147.7134449914,2727.79424188924,2246.30188123641,1996.26002218458,2423.89325685285,2023.94221857767,2564.12030269056,2898.80755829402,1994.91120439218,2061.41507536085,2680.58933619005,1913.94012196465,2734.61128582971,2675.49553525478,1996.01084170531,2574.87976854388
